name,type,value,date
Afghanistan,Afghanistan,0,2005
Afghanistan,Afghanistan,0,2006
Afghanistan,Afghanistan,0,2007
Afghanistan,Afghanistan,2012,2008
Afghanistan,Afghanistan,2546,2009
Afghanistan,Afghanistan,3149,2010
Afghanistan,Afghanistan,4108,2011
Afghanistan,Afghanistan,3623,2012
Afghanistan,Afghanistan,2448,2013
Afghanistan,Afghanistan,2734,2014
Afghanistan,Afghanistan,1878,2015
Afghanistan,Afghanistan,1442,2016
Afghanistan,Afghanistan,1465,2017
Afghanistan,Afghanistan,1938,2018
Albania,Albania,2650,2005
Albania,Albania,3219,2006
Albania,Albania,4029,2007
Albania,Albania,5108,2008
Albania,Albania,4887,2009
Albania,Albania,4590,2010
Albania,Albania,5059,2011
Albania,Albania,4304,2012
Albania,Albania,4263,2013
Albania,Albania,4560,2014
Albania,Albania,3914,2015
Albania,Albania,4421,2016
Albania,Albania,5255,2017
Albania,Albania,5922,2018
Algeria,Algeria,7330,2005
Algeria,Algeria,7401,2006
Algeria,Algeria,9635,2007
Algeria,Algeria,14570,2008
Algeria,Algeria,14569,2009
Algeria,Algeria,15337,2010
Algeria,Algeria,16194,2011
Algeria,Algeria,14622,2012
Algeria,Algeria,14568,2013
Algeria,Algeria,15360,2014
Algeria,Algeria,14485,2015
Algeria,Algeria,14309,2016
Algeria,Algeria,14319,2017
Algeria,Algeria,14046,2018
Andean Community (ANDEAN),Andean Community (ANDEAN),18258,2005
Andean Community (ANDEAN),Andean Community (ANDEAN),20763,2006
Andean Community (ANDEAN),Andean Community (ANDEAN),23680,2007
Andean Community (ANDEAN),Andean Community (ANDEAN),28090,2008
Andean Community (ANDEAN),Andean Community (ANDEAN),26729,2009
Andean Community (ANDEAN),Andean Community (ANDEAN),30832,2010
Andean Community (ANDEAN),Andean Community (ANDEAN),34907,2011
Andean Community (ANDEAN),Andean Community (ANDEAN),39423,2012
Andean Community (ANDEAN),Andean Community (ANDEAN),43095,2013
Andean Community (ANDEAN),Andean Community (ANDEAN),45412,2014
Andean Community (ANDEAN),Andean Community (ANDEAN),43824,2015
Andean Community (ANDEAN),Andean Community (ANDEAN),43014,2016
Andean Community (ANDEAN),Andean Community (ANDEAN),47045,2017
Andean Community (ANDEAN),Andean Community (ANDEAN),50419,2018
Angola,Angola,6968,2005
Angola,Angola,7656,2006
Angola,Angola,12954,2007
Angola,Angola,22468,2008
Angola,Angola,19792,2009
Angola,Angola,19611,2010
Angola,Angola,24402,2011
Angola,Angola,22924,2012
Angola,Angola,24378,2013
Angola,Angola,26639,2014
Angola,Angola,18532,2015
Angola,Angola,13328,2016
Angola,Angola,14778,2017
Angola,Angola,10718,2018
Anguilla,Anguilla,155,2005
Anguilla,Anguilla,216,2006
Anguilla,Anguilla,237,2007
Anguilla,Anguilla,226,2008
Anguilla,Anguilla,181,2009
Anguilla,Anguilla,170,2010
Anguilla,Anguilla,185,2011
Anguilla,Anguilla,185,2012
Anguilla,Anguilla,195,2013
Anguilla,Anguilla,279,2014
Anguilla,Anguilla,291,2015
Anguilla,Anguilla,298,2016
Anguilla,Anguilla,285,2017
Anguilla,Anguilla,236,2018
Antigua and Barbuda,Antigua and Barbuda,690,2005
Antigua and Barbuda,Antigua and Barbuda,733,2006
Antigua and Barbuda,Antigua and Barbuda,805,2007
Antigua and Barbuda,Antigua and Barbuda,842,2008
Antigua and Barbuda,Antigua and Barbuda,739,2009
Antigua and Barbuda,Antigua and Barbuda,703,2010
Antigua and Barbuda,Antigua and Barbuda,693,2011
Antigua and Barbuda,Antigua and Barbuda,687,2012
Antigua and Barbuda,Antigua and Barbuda,685,2013
Antigua and Barbuda,Antigua and Barbuda,1322,2014
Antigua and Barbuda,Antigua and Barbuda,1343,2015
Antigua and Barbuda,Antigua and Barbuda,1419,2016
Antigua and Barbuda,Antigua and Barbuda,1368,2017
Antigua and Barbuda,Antigua and Barbuda,1553,2018
Argentina,Argentina,13955,2005
Argentina,Argentina,16585,2006
Argentina,Argentina,21073,2007
Argentina,Argentina,25070,2008
Argentina,Argentina,23082,2009
Argentina,Argentina,27438,2010
Argentina,Argentina,32146,2011
Argentina,Argentina,32591,2012
Argentina,Argentina,32689,2013
Argentina,Argentina,31434,2014
Argentina,Argentina,32243,2015
Argentina,Argentina,35301,2016
Argentina,Argentina,39653,2017
Argentina,Argentina,37965,2018
Armenia,Armenia,1008,2005
Armenia,Armenia,1276,2006
Armenia,Armenia,1718,2007
Armenia,Armenia,1986,2008
Armenia,Armenia,1848,2009
Armenia,Armenia,2287,2010
Armenia,Armenia,2687,2011
Armenia,Armenia,2906,2012
Armenia,Armenia,3163,2013
Armenia,Armenia,3354,2014
Armenia,Armenia,3120,2015
Armenia,Armenia,3291,2016
Armenia,Armenia,3871,2017
Armenia,Armenia,4274,2018
"Aruba, the 荷兰 with respect to","Aruba, the 荷兰 with respect to",2020,2005
"Aruba, the 荷兰 with respect to","Aruba, the 荷兰 with respect to",2064,2006
"Aruba, the 荷兰 with respect to","Aruba, the 荷兰 with respect to",2256,2007
"Aruba, the 荷兰 with respect to","Aruba, the 荷兰 with respect to",2397,2008
"Aruba, the 荷兰 with respect to","Aruba, the 荷兰 with respect to",2231,2009
"Aruba, the 荷兰 with respect to","Aruba, the 荷兰 with respect to",2239,2010
"Aruba, the 荷兰 with respect to","Aruba, the 荷兰 with respect to",2524,2011
"Aruba, the 荷兰 with respect to","Aruba, the 荷兰 with respect to",2586,2012
"Aruba, the 荷兰 with respect to","Aruba, the 荷兰 with respect to",2776,2013
"Aruba, the 荷兰 with respect to","Aruba, the 荷兰 with respect to",2953,2014
"Aruba, the 荷兰 with respect to","Aruba, the 荷兰 with respect to",2986,2015
"Aruba, the 荷兰 with respect to","Aruba, the 荷兰 with respect to",2930,2016
"Aruba, the 荷兰 with respect to","Aruba, the 荷兰 with respect to",3097,2017
"Aruba, the 荷兰 with respect to","Aruba, the 荷兰 with respect to",3404,2018
Azerbaijan,Azerbaijan,3400,2005
Azerbaijan,Azerbaijan,3904,2006
Azerbaijan,Azerbaijan,4840,2007
Azerbaijan,Azerbaijan,5585,2008
Azerbaijan,Azerbaijan,5774,2009
Azerbaijan,Azerbaijan,6423,2010
Azerbaijan,Azerbaijan,8883,2011
Azerbaijan,Azerbaijan,12239,2012
Azerbaijan,Azerbaijan,12451,2013
Azerbaijan,Azerbaijan,14684,2014
Azerbaijan,Azerbaijan,13117,2015
Azerbaijan,Azerbaijan,11891,2016
Azerbaijan,Azerbaijan,12756,2017
Azerbaijan,Azerbaijan,11444,2018
Bahamas,Bahamas,3797,2005
Bahamas,Bahamas,4047,2006
Bahamas,Bahamas,4179,2007
Bahamas,Bahamas,3937,2008
Bahamas,Bahamas,3547,2009
Bahamas,Bahamas,3675,2010
Bahamas,Bahamas,3786,2011
Bahamas,Bahamas,4229,2012
Bahamas,Bahamas,4299,2013
Bahamas,Bahamas,4453,2014
Bahamas,Bahamas,4174,2015
Bahamas,Bahamas,4632,2016
Bahamas,Bahamas,4705,2017
Bahamas,Bahamas,5460,2018
"Bahrain, Kingdom of","Bahrain, Kingdom of",4571,2005
"Bahrain, Kingdom of","Bahrain, Kingdom of",5067,2006
"Bahrain, Kingdom of","Bahrain, Kingdom of",5382,2007
"Bahrain, Kingdom of","Bahrain, Kingdom of",5946,2008
"Bahrain, Kingdom of","Bahrain, Kingdom of",5572,2009
"Bahrain, Kingdom of","Bahrain, Kingdom of",6138,2010
"Bahrain, Kingdom of","Bahrain, Kingdom of",5074,2011
"Bahrain, Kingdom of","Bahrain, Kingdom of",14377,2012
"Bahrain, Kingdom of","Bahrain, Kingdom of",15552,2013
"Bahrain, Kingdom of","Bahrain, Kingdom of",15335,2014
"Bahrain, Kingdom of","Bahrain, Kingdom of",15705,2015
"Bahrain, Kingdom of","Bahrain, Kingdom of",18528,2016
"Bahrain, Kingdom of","Bahrain, Kingdom of",19156,2017
"Bahrain, Kingdom of","Bahrain, Kingdom of",19854,2018
Bangladesh,Bangladesh,3752,2005
Bangladesh,Bangladesh,4192,2006
Bangladesh,Bangladesh,5036,2007
Bangladesh,Bangladesh,5954,2008
Bangladesh,Bangladesh,5391,2009
Bangladesh,Bangladesh,6834,2010
Bangladesh,Bangladesh,7724,2011
Bangladesh,Bangladesh,8265,2012
Bangladesh,Bangladesh,9565,2013
Bangladesh,Bangladesh,10903,2014
Bangladesh,Bangladesh,10952,2015
Bangladesh,Bangladesh,11343,2016
Bangladesh,Bangladesh,13122,2017
Bangladesh,Bangladesh,16330,2018
Barbados,Barbados,2110,2005
Barbados,Barbados,2295,2006
Barbados,Barbados,2370,2007
Barbados,Barbados,2581,2008
Barbados,Barbados,2215,2009
Barbados,Barbados,2372,2010
Barbados,Barbados,1813,2011
Barbados,Barbados,1757,2012
Barbados,Barbados,2136,2013
Barbados,Barbados,1565,2014
Barbados,Barbados,1648,2015
Barbados,Barbados,1744,2016
Barbados,Barbados,1802,2017
Barbados,Barbados,1869,2018
Belarus,Belarus,3483,2005
Belarus,Belarus,4385,2006
Belarus,Belarus,5627,2007
Belarus,Belarus,7338,2008
Belarus,Belarus,5933,2009
Belarus,Belarus,7803,2010
Belarus,Belarus,8962,2011
Belarus,Belarus,10355,2012
Belarus,Belarus,12760,2013
Belarus,Belarus,13613,2014
Belarus,Belarus,11024,2015
Belarus,Belarus,11175,2016
Belarus,Belarus,12617,2017
Belarus,Belarus,14097,2018
Belize,Belize,466,2005
Belize,Belize,519,2006
Belize,Belize,568,2007
Belize,Belize,557,2008
Belize,Belize,506,2009
Belize,Belize,516,2010
Belize,Belize,511,2011
Belize,Belize,595,2012
Belize,Belize,656,2013
Belize,Belize,719,2014
Belize,Belize,717,2015
Belize,Belize,742,2016
Belize,Belize,822,2017
Belize,Belize,851,2018
Benin,Benin,475,2005
Benin,Benin,573,2006
Benin,Benin,803,2007
Benin,Benin,858,2008
Benin,Benin,717,2009
Benin,Benin,891,2010
Benin,Benin,915,2011
Benin,Benin,1019,2012
Benin,Benin,1275,2013
Benin,Benin,1364,2014
Benin,Benin,1020,2015
Benin,Benin,1019,2016
Benin,Benin,916,2017
Benin,Benin,1315,2018
Bermuda,Bermuda,0,2005
Bermuda,Bermuda,2454,2006
Bermuda,Bermuda,2721,2007
Bermuda,Bermuda,2507,2008
Bermuda,Bermuda,2311,2009
Bermuda,Bermuda,2414,2010
Bermuda,Bermuda,2355,2011
Bermuda,Bermuda,2288,2012
Bermuda,Bermuda,2273,2013
Bermuda,Bermuda,2317,2014
Bermuda,Bermuda,2126,2015
Bermuda,Bermuda,2239,2016
Bermuda,Bermuda,2327,2017
Bermuda,Bermuda,2575,2018
Bhutan,Bhutan,170,2005
Bhutan,Bhutan,117,2006
Bhutan,Bhutan,149,2007
Bhutan,Bhutan,176,2008
Bhutan,Bhutan,155,2009
Bhutan,Bhutan,209,2010
Bhutan,Bhutan,259,2011
Bhutan,Bhutan,297,2012
Bhutan,Bhutan,300,2013
Bhutan,Bhutan,314,2014
Bhutan,Bhutan,320,2015
Bhutan,Bhutan,353,2016
Bhutan,Bhutan,372,2017
Bhutan,Bhutan,422,2018
"Bolivia, Plurinational State of","Bolivia, Plurinational State of",1339,2005
"Bolivia, Plurinational State of","Bolivia, Plurinational State of",1512,2006
"Bolivia, Plurinational State of","Bolivia, Plurinational State of",1589,2007
"Bolivia, Plurinational State of","Bolivia, Plurinational State of",1766,2008
"Bolivia, Plurinational State of","Bolivia, Plurinational State of",1732,2009
"Bolivia, Plurinational State of","Bolivia, Plurinational State of",1857,2010
"Bolivia, Plurinational State of","Bolivia, Plurinational State of",2599,2011
"Bolivia, Plurinational State of","Bolivia, Plurinational State of",3046,2012
"Bolivia, Plurinational State of","Bolivia, Plurinational State of",3546,2013
"Bolivia, Plurinational State of","Bolivia, Plurinational State of",4223,2014
"Bolivia, Plurinational State of","Bolivia, Plurinational State of",4078,2015
"Bolivia, Plurinational State of","Bolivia, Plurinational State of",4103,2016
"Bolivia, Plurinational State of","Bolivia, Plurinational State of",4557,2017
"Bolivia, Plurinational State of","Bolivia, Plurinational State of",4722,2018
Bosnia and Herzegovina,Bosnia and Herzegovina,1425,2005
Bosnia and Herzegovina,Bosnia and Herzegovina,1607,2006
Bosnia and Herzegovina,Bosnia and Herzegovina,2296,2007
Bosnia and Herzegovina,Bosnia and Herzegovina,2629,2008
Bosnia and Herzegovina,Bosnia and Herzegovina,2385,2009
Bosnia and Herzegovina,Bosnia and Herzegovina,2243,2010
Bosnia and Herzegovina,Bosnia and Herzegovina,2248,2011
Bosnia and Herzegovina,Bosnia and Herzegovina,2095,2012
Bosnia and Herzegovina,Bosnia and Herzegovina,2144,2013
Bosnia and Herzegovina,Bosnia and Herzegovina,2189,2014
Bosnia and Herzegovina,Bosnia and Herzegovina,2062,2015
Bosnia and Herzegovina,Bosnia and Herzegovina,2177,2016
Bosnia and Herzegovina,Bosnia and Herzegovina,2448,2017
Bosnia and Herzegovina,Bosnia and Herzegovina,2713,2018
Botswana,Botswana,1426,2005
Botswana,Botswana,1352,2006
Botswana,Botswana,1573,2007
Botswana,Botswana,1205,2008
Botswana,Botswana,1637,2009
Botswana,Botswana,1638,2010
Botswana,Botswana,1966,2011
Botswana,Botswana,2005,2012
Botswana,Botswana,1977,2013
Botswana,Botswana,1995,2014
Botswana,Botswana,1892,2015
Botswana,Botswana,1675,2016
Botswana,Botswana,1924,2017
Botswana,Botswana,1978,2018
Brunei Darussalam,Brunei Darussalam,1726,2005
Brunei Darussalam,Brunei Darussalam,1959,2006
Brunei Darussalam,Brunei Darussalam,2130,2007
Brunei Darussalam,Brunei Darussalam,2270,2008
Brunei Darussalam,Brunei Darussalam,2349,2009
Brunei Darussalam,Brunei Darussalam,1731,2010
Brunei Darussalam,Brunei Darussalam,2320,2011
Brunei Darussalam,Brunei Darussalam,3122,2012
Brunei Darussalam,Brunei Darussalam,3352,2013
Brunei Darussalam,Brunei Darussalam,2744,2014
Brunei Darussalam,Brunei Darussalam,2302,2015
Brunei Darussalam,Brunei Darussalam,2174,2016
Brunei Darussalam,Brunei Darussalam,1800,2017
Brunei Darussalam,Brunei Darussalam,2155,2018
Bulgaria,Bulgaria,0,2005
Bulgaria,Bulgaria,0,2006
Bulgaria,Bulgaria,14079,2007
Bulgaria,Bulgaria,16460,2008
Bulgaria,Bulgaria,13930,2009
Bulgaria,Bulgaria,10043,2010
Bulgaria,Bulgaria,10964,2011
Bulgaria,Bulgaria,11624,2012
Bulgaria,Bulgaria,12110,2013
Bulgaria,Bulgaria,14634,2014
Bulgaria,Bulgaria,12116,2015
Bulgaria,Bulgaria,13624,2016
Bulgaria,Bulgaria,14494,2017
Bulgaria,Bulgaria,15948,2018
Burkina Faso,Burkina Faso,423,2005
Burkina Faso,Burkina Faso,422,2006
Burkina Faso,Burkina Faso,533,2007
Burkina Faso,Burkina Faso,733,2008
Burkina Faso,Burkina Faso,714,2009
Burkina Faso,Burkina Faso,1131,2010
Burkina Faso,Burkina Faso,1559,2011
Burkina Faso,Burkina Faso,1640,2012
Burkina Faso,Burkina Faso,1923,2013
Burkina Faso,Burkina Faso,1762,2014
Burkina Faso,Burkina Faso,1557,2015
Burkina Faso,Burkina Faso,1681,2016
Burkina Faso,Burkina Faso,1850,2017
Burkina Faso,Burkina Faso,2037,2018
Burundi,Burundi,169,2005
Burundi,Burundi,236,2006
Burundi,Burundi,213,2007
Burundi,Burundi,342,2008
Burundi,Burundi,227,2009
Burundi,Burundi,247,2010
Burundi,Burundi,325,2011
Burundi,Burundi,303,2012
Burundi,Burundi,365,2013
Burundi,Burundi,341,2014
Burundi,Burundi,286,2015
Burundi,Burundi,288,2016
Burundi,Burundi,293,2017
Burundi,Burundi,0,2018
C?te d'Ivoire,C?te d'Ivoire,3205,2005
C?te d'Ivoire,C?te d'Ivoire,3338,2006
C?te d'Ivoire,C?te d'Ivoire,3691,2007
C?te d'Ivoire,C?te d'Ivoire,3993,2008
C?te d'Ivoire,C?te d'Ivoire,3947,2009
C?te d'Ivoire,C?te d'Ivoire,4170,2010
C?te d'Ivoire,C?te d'Ivoire,3818,2011
C?te d'Ivoire,C?te d'Ivoire,3916,2012
C?te d'Ivoire,C?te d'Ivoire,4156,2013
C?te d'Ivoire,C?te d'Ivoire,3966,2014
C?te d'Ivoire,C?te d'Ivoire,3550,2015
C?te d'Ivoire,C?te d'Ivoire,3815,2016
C?te d'Ivoire,C?te d'Ivoire,4304,2017
C?te d'Ivoire,C?te d'Ivoire,4263,2018
Cabo Verde,Cabo Verde,492,2005
Cabo Verde,Cabo Verde,645,2006
Cabo Verde,Cabo Verde,797,2007
Cabo Verde,Cabo Verde,973,2008
Cabo Verde,Cabo Verde,806,2009
Cabo Verde,Cabo Verde,815,2010
Cabo Verde,Cabo Verde,920,2011
Cabo Verde,Cabo Verde,960,2012
Cabo Verde,Cabo Verde,993,2013
Cabo Verde,Cabo Verde,997,2014
Cabo Verde,Cabo Verde,777,2015
Cabo Verde,Cabo Verde,872,2016
Cabo Verde,Cabo Verde,973,2017
Cabo Verde,Cabo Verde,1082,2018
Cambodia,Cambodia,1760,2005
Cambodia,Cambodia,2129,2006
Cambodia,Cambodia,2250,2007
Cambodia,Cambodia,2427,2008
Cambodia,Cambodia,2655,2009
Cambodia,Cambodia,3046,2010
Cambodia,Cambodia,4118,2011
Cambodia,Cambodia,4784,2012
Cambodia,Cambodia,5285,2013
Cambodia,Cambodia,5895,2014
Cambodia,Cambodia,6197,2015
Cambodia,Cambodia,6463,2016
Cambodia,Cambodia,7353,2017
Cambodia,Cambodia,8467,2018
Cameroon,Cameroon,2433,2005
Cameroon,Cameroon,2502,2006
Cameroon,Cameroon,3134,2007
Cameroon,Cameroon,4170,2008
Cameroon,Cameroon,3210,2009
Cameroon,Cameroon,3041,2010
Cameroon,Cameroon,3840,2011
Cameroon,Cameroon,3757,2012
Cameroon,Cameroon,4512,2013
Cameroon,Cameroon,4684,2014
Cameroon,Cameroon,3713,2015
Cameroon,Cameroon,3905,2016
Cameroon,Cameroon,4384,2017
Cameroon,Cameroon,0,2018
Caribbean Community (CARICOM),Caribbean Community (CARICOM),15648,2005
Caribbean Community (CARICOM),Caribbean Community (CARICOM),16614,2006
Caribbean Community (CARICOM),Caribbean Community (CARICOM),17772,2007
Caribbean Community (CARICOM),Caribbean Community (CARICOM),18367,2008
Caribbean Community (CARICOM),Caribbean Community (CARICOM),16426,2009
Caribbean Community (CARICOM),Caribbean Community (CARICOM),17356,2010
Caribbean Community (CARICOM),Caribbean Community (CARICOM),19777,2011
Caribbean Community (CARICOM),Caribbean Community (CARICOM),21384,2012
Caribbean Community (CARICOM),Caribbean Community (CARICOM),21395,2013
Caribbean Community (CARICOM),Caribbean Community (CARICOM),24082,2014
Caribbean Community (CARICOM),Caribbean Community (CARICOM),23752,2015
Caribbean Community (CARICOM),Caribbean Community (CARICOM),24094,2016
Caribbean Community (CARICOM),Caribbean Community (CARICOM),25224,2017
Caribbean Community (CARICOM),Caribbean Community (CARICOM),26851,2018
Cayman Islands,Cayman Islands,0,2005
Cayman Islands,Cayman Islands,2195,2006
Cayman Islands,Cayman Islands,2384,2007
Cayman Islands,Cayman Islands,2598,2008
Cayman Islands,Cayman Islands,2510,2009
Cayman Islands,Cayman Islands,2664,2010
Cayman Islands,Cayman Islands,2752,2011
Cayman Islands,Cayman Islands,2884,2012
Cayman Islands,Cayman Islands,3553,2013
Cayman Islands,Cayman Islands,3811,2014
Cayman Islands,Cayman Islands,4027,2015
Cayman Islands,Cayman Islands,4199,2016
Cayman Islands,Cayman Islands,4579,2017
Cayman Islands,Cayman Islands,0,2018
Central African Republic,Central African Republic,149,2005
Central African Republic,Central African Republic,172,2006
Central African Republic,Central African Republic,209,2007
Central African Republic,Central African Republic,233,2008
Central African Republic,Central African Republic,221,2009
Central African Republic,Central African Republic,277,2010
Central African Republic,Central African Republic,286,2011
Central African Republic,Central African Republic,304,2012
Central African Republic,Central African Republic,292,2013
Central African Republic,Central African Republic,378,2014
Central African Republic,Central African Republic,332,2015
Central African Republic,Central African Republic,320,2016
Central African Republic,Central African Republic,0,2017
Central African Republic,Central African Republic,0,2018
Chad,Chad,1675,2005
Chad,Chad,2314,2006
Chad,Chad,1947,2007
Chad,Chad,2120,2008
Chad,Chad,2338,2009
Chad,Chad,0,2010
Chad,Chad,0,2011
Chad,Chad,2565,2012
Chad,Chad,3473,2013
Chad,Chad,3582,2014
Chad,Chad,3127,2015
Chad,Chad,0,2016
Chad,Chad,0,2017
Chad,Chad,0,2018
Chile,Chile,14518,2005
Chile,Chile,15996,2006
Chile,Chile,18475,2007
Chile,Chile,22245,2008
Chile,Chile,18521,2009
Chile,Chile,23451,2010
Chile,Chile,28277,2011
Chile,Chile,27081,2012
Chile,Chile,27659,2013
Chile,Chile,25092,2014
Chile,Chile,22615,2015
Chile,Chile,22184,2016
Chile,Chile,23255,2017
Chile,Chile,23981,2018
Colombia,Colombia,8314,2005
Colombia,Colombia,9792,2006
Colombia,Colombia,10801,2007
Colombia,Colombia,12494,2008
Colombia,Colombia,12577,2009
Colombia,Colombia,14760,2010
Colombia,Colombia,16782,2011
Colombia,Colombia,19031,2012
Colombia,Colombia,20384,2013
Colombia,Colombia,21534,2014
Colombia,Colombia,19629,2015
Colombia,Colombia,18961,2016
Colombia,Colombia,20764,2017
Colombia,Colombia,22632,2018
Comoros,Comoros,89,2005
Comoros,Comoros,102,2006
Comoros,Comoros,118,2007
Comoros,Comoros,143,2008
Comoros,Comoros,143,2009
Comoros,Comoros,159,2010
Comoros,Comoros,182,2011
Comoros,Comoros,174,2012
Comoros,Comoros,189,2013
Comoros,Comoros,193,2014
Comoros,Comoros,162,2015
Comoros,Comoros,164,2016
Comoros,Comoros,0,2017
Comoros,Comoros,0,2018
Congo,Congo,1637,2005
Congo,Congo,2692,2006
Congo,Congo,3055,2007
Congo,Congo,2877,2008
Congo,Congo,3743,2009
Congo,Congo,3796,2010
Congo,Congo,4385,2011
Congo,Congo,3181,2012
Congo,Congo,3489,2013
Congo,Congo,4378,2014
Congo,Congo,4117,2015
Congo,Congo,2456,2016
Congo,Congo,2121,2017
Congo,Congo,0,2018
Costa Rica,Costa Rica,4709,2005
Costa Rica,Costa Rica,5255,2006
Costa Rica,Costa Rica,6056,2007
Costa Rica,Costa Rica,6471,2008
Costa Rica,Costa Rica,5630,2009
Costa Rica,Costa Rica,6910,2010
Costa Rica,Costa Rica,7731,2011
Costa Rica,Costa Rica,8433,2012
Costa Rica,Costa Rica,9335,2013
Costa Rica,Costa Rica,9673,2014
Costa Rica,Costa Rica,10779,2015
Costa Rica,Costa Rica,11964,2016
Costa Rica,Costa Rica,12408,2017
Costa Rica,Costa Rica,12939,2018
Croatia,Croatia,13867,2005
Croatia,Croatia,15009,2006
Croatia,Croatia,17262,2007
Croatia,Croatia,21124,2008
Croatia,Croatia,17086,2009
Croatia,Croatia,15888,2010
Croatia,Croatia,17240,2011
Croatia,Croatia,16357,2012
Croatia,Croatia,17102,2013
Croatia,Croatia,17668,2014
Croatia,Croatia,16164,2015
Croatia,Croatia,17485,2016
Croatia,Croatia,19665,2017
Croatia,Croatia,21875,2018
Cuba,Cuba,8090,2005
Cuba,Cuba,8459,2006
Cuba,Cuba,9913,2007
Cuba,Cuba,11331,2008
Cuba,Cuba,10117,2009
Cuba,Cuba,12469,2010
Cuba,Cuba,13611,2011
Cuba,Cuba,15166,2012
Cuba,Cuba,15333,2013
Cuba,Cuba,14737,2014
Cuba,Cuba,13404,2015
Cuba,Cuba,13098,2016
Cuba,Cuba,13497,2017
Cuba,Cuba,12919,2018
Cura?ao,Cura?ao,0,2005
Cura?ao,Cura?ao,0,2006
Cura?ao,Cura?ao,0,2007
Cura?ao,Cura?ao,0,2008
Cura?ao,Cura?ao,0,2009
Cura?ao,Cura?ao,0,2010
Cura?ao,Cura?ao,2128,2011
Cura?ao,Cura?ao,2378,2012
Cura?ao,Cura?ao,2455,2013
Cura?ao,Cura?ao,2534,2014
Cura?ao,Cura?ao,2478,2015
Cura?ao,Cura?ao,2306,2016
Cura?ao,Cura?ao,2311,2017
Cura?ao,Cura?ao,2581,2018
Cyprus,Cyprus,0,2005
Cyprus,Cyprus,0,2006
Cyprus,Cyprus,0,2007
Cyprus,Cyprus,16439,2008
Cyprus,Cyprus,14342,2009
Cyprus,Cyprus,14570,2010
Cyprus,Cyprus,15892,2011
Cyprus,Cyprus,14812,2012
Cyprus,Cyprus,16702,2013
Cyprus,Cyprus,17332,2014
Cyprus,Cyprus,15557,2015
Cyprus,Cyprus,16477,2016
Cyprus,Cyprus,18206,2017
Cyprus,Cyprus,18978,2018
Czech Republic,Czech Republic,23657,2005
Czech Republic,Czech Republic,28302,2006
Czech Republic,Czech Republic,34291,2007
Czech Republic,Czech Republic,42202,2008
Czech Republic,Czech Republic,36880,2009
Czech Republic,Czech Republic,39737,2010
Czech Republic,Czech Republic,45255,2011
Czech Republic,Czech Republic,44499,2012
Czech Republic,Czech Republic,44377,2013
Czech Republic,Czech Republic,47507,2014
Czech Republic,Czech Republic,42507,2015
Czech Republic,Czech Republic,44097,2016
Czech Republic,Czech Republic,48597,2017
Czech Republic,Czech Republic,54578,2018
Democratic Republic of the Congo,Democratic Republic of the Congo,1512,2005
Democratic Republic of the Congo,Democratic Republic of the Congo,1339,2006
Democratic Republic of the Congo,Democratic Republic of the Congo,2010,2007
Democratic Republic of the Congo,Democratic Republic of the Congo,2928,2008
Democratic Republic of the Congo,Democratic Republic of the Congo,2467,2009
Democratic Republic of the Congo,Democratic Republic of the Congo,3052,2010
Democratic Republic of the Congo,Democratic Republic of the Congo,3628,2011
Democratic Republic of the Congo,Democratic Republic of the Congo,2620,2012
Democratic Republic of the Congo,Democratic Republic of the Congo,2891,2013
Democratic Republic of the Congo,Democratic Republic of the Congo,3397,2014
Democratic Republic of the Congo,Democratic Republic of the Congo,2365,2015
Democratic Republic of the Congo,Democratic Republic of the Congo,1941,2016
Democratic Republic of the Congo,Democratic Republic of the Congo,2066,2017
Democratic Republic of the Congo,Democratic Republic of the Congo,0,2018
Djibouti,Djibouti,332,2005
Djibouti,Djibouti,340,2006
Djibouti,Djibouti,356,2007
Djibouti,Djibouti,427,2008
Djibouti,Djibouti,450,2009
Djibouti,Djibouti,455,2010
Djibouti,Djibouti,491,2011
Djibouti,Djibouti,499,2012
Djibouti,Djibouti,534,2013
Djibouti,Djibouti,576,2014
Djibouti,Djibouti,685,2015
Djibouti,Djibouti,605,2016
Djibouti,Djibouti,632,2017
Djibouti,Djibouti,675,2018
Dominica,Dominica,136,2005
Dominica,Dominica,152,2006
Dominica,Dominica,173,2007
Dominica,Dominica,183,2008
Dominica,Dominica,177,2009
Dominica,Dominica,205,2010
Dominica,Dominica,221,2011
Dominica,Dominica,190,2012
Dominica,Dominica,199,2013
Dominica,Dominica,366,2014
Dominica,Dominica,349,2015
Dominica,Dominica,370,2016
Dominica,Dominica,346,2017
Dominica,Dominica,293,2018
Dominican Republic,Dominican Republic,7660,2005
Dominican Republic,Dominican Republic,8213,2006
Dominican Republic,Dominican Republic,8622,2007
Dominican Republic,Dominican Republic,8865,2008
Dominican Republic,Dominican Republic,8150,2009
Dominican Republic,Dominican Republic,8043,2010
Dominican Republic,Dominican Republic,8733,2011
Dominican Republic,Dominican Republic,9091,2012
Dominican Republic,Dominican Republic,9190,2013
Dominican Republic,Dominican Republic,10024,2014
Dominican Republic,Dominican Republic,10716,2015
Dominican Republic,Dominican Republic,11679,2016
Dominican Republic,Dominican Republic,12164,2017
Dominican Republic,Dominican Republic,12683,2018
Ecuador,Ecuador,3166,2005
Ecuador,Ecuador,3390,2006
Ecuador,Ecuador,3784,2007
Ecuador,Ecuador,4467,2008
Ecuador,Ecuador,3967,2009
Ecuador,Ecuador,4479,2010
Ecuador,Ecuador,4749,2011
Ecuador,Ecuador,5014,2012
Ecuador,Ecuador,5514,2013
Ecuador,Ecuador,5875,2014
Ecuador,Ecuador,5600,2015
Ecuador,Ecuador,5346,2016
Ecuador,Ecuador,5497,2017
Ecuador,Ecuador,5801,2018
Egypt,Egypt,25151,2005
Egypt,Egypt,27704,2006
Egypt,Egypt,34285,2007
Egypt,Egypt,42527,2008
Egypt,Egypt,35455,2009
Egypt,Egypt,38525,2010
Egypt,Egypt,33210,2011
Egypt,Egypt,38217,2012
Egypt,Egypt,34670,2013
Egypt,Egypt,39448,2014
Egypt,Egypt,36058,2015
Egypt,Egypt,30841,2016
Egypt,Egypt,37355,2017
Egypt,Egypt,42264,2018
El Salvador,El Salvador,2593,2005
El Salvador,El Salvador,2748,2006
El Salvador,El Salvador,2877,2007
El Salvador,El Salvador,2845,2008
El Salvador,El Salvador,2276,2009
El Salvador,El Salvador,2598,2010
El Salvador,El Salvador,2823,2011
El Salvador,El Salvador,3205,2012
El Salvador,El Salvador,3613,2013
El Salvador,El Salvador,3784,2014
El Salvador,El Salvador,3995,2015
El Salvador,El Salvador,4290,2016
El Salvador,El Salvador,4381,2017
El Salvador,El Salvador,4795,2018
Equatorial Guinea,Equatorial Guinea,957,2005
Equatorial Guinea,Equatorial Guinea,900,2006
Equatorial Guinea,Equatorial Guinea,1193,2007
Equatorial Guinea,Equatorial Guinea,1742,2008
Equatorial Guinea,Equatorial Guinea,2142,2009
Equatorial Guinea,Equatorial Guinea,2686,2010
Equatorial Guinea,Equatorial Guinea,2732,2011
Equatorial Guinea,Equatorial Guinea,3200,2012
Equatorial Guinea,Equatorial Guinea,3641,2013
Equatorial Guinea,Equatorial Guinea,3722,2014
Equatorial Guinea,Equatorial Guinea,2587,2015
Equatorial Guinea,Equatorial Guinea,1696,2016
Equatorial Guinea,Equatorial Guinea,0,2017
Equatorial Guinea,Equatorial Guinea,0,2018
Estonia,Estonia,5730,2005
Estonia,Estonia,6381,2006
Estonia,Estonia,7889,2007
Estonia,Estonia,9258,2008
Estonia,Estonia,7235,2009
Estonia,Estonia,7668,2010
Estonia,Estonia,9429,2011
Estonia,Estonia,9753,2012
Estonia,Estonia,11322,2013
Estonia,Estonia,12024,2014
Estonia,Estonia,9825,2015
Estonia,Estonia,10420,2016
Estonia,Estonia,11512,2017
Estonia,Estonia,13198,2018
Eswatini,Eswatini,606,2005
Eswatini,Eswatini,651,2006
Eswatini,Eswatini,1001,2007
Eswatini,Eswatini,906,2008
Eswatini,Eswatini,774,2009
Eswatini,Eswatini,929,2010
Eswatini,Eswatini,272,2011
Eswatini,Eswatini,315,2012
Eswatini,Eswatini,256,2013
Eswatini,Eswatini,380,2014
Eswatini,Eswatini,274,2015
Eswatini,Eswatini,275,2016
Eswatini,Eswatini,481,2017
Eswatini,Eswatini,367,2018
Ethiopia,Ethiopia,2206,2005
Ethiopia,Ethiopia,2314,2006
Ethiopia,Ethiopia,3048,2007
Ethiopia,Ethiopia,4169,2008
Ethiopia,Ethiopia,3959,2009
Ethiopia,Ethiopia,4711,2010
Ethiopia,Ethiopia,6108,2011
Ethiopia,Ethiopia,6319,2012
Ethiopia,Ethiopia,6528,2013
Ethiopia,Ethiopia,7358,2014
Ethiopia,Ethiopia,7922,2015
Ethiopia,Ethiopia,8312,2016
Ethiopia,Ethiopia,8520,2017
Ethiopia,Ethiopia,11679,2018
Fiji,Fiji,1460,2005
Fiji,Fiji,1419,2006
Fiji,Fiji,1444,2007
Fiji,Fiji,1738,2008
Fiji,Fiji,1271,2009
Fiji,Fiji,1436,2010
Fiji,Fiji,1710,2011
Fiji,Fiji,1797,2012
Fiji,Fiji,1840,2013
Fiji,Fiji,1925,2014
Fiji,Fiji,1865,2015
Fiji,Fiji,1947,2016
Fiji,Fiji,2118,2017
Fiji,Fiji,2313,2018
Finland,Finland,30802,2005
Finland,Finland,31034,2006
Finland,Finland,37345,2007
Finland,Finland,55065,2008
Finland,Finland,48009,2009
Finland,Finland,48335,2010
Finland,Finland,54063,2011
Finland,Finland,56070,2012
Finland,Finland,58402,2013
Finland,Finland,57143,2014
Finland,Finland,54460,2015
Finland,Finland,56621,2016
Finland,Finland,60914,2017
Finland,Finland,68178,2018
French Polynesia,French Polynesia,1796,2005
French Polynesia,French Polynesia,1571,2006
French Polynesia,French Polynesia,1747,2007
French Polynesia,French Polynesia,2040,2008
French Polynesia,French Polynesia,1848,2009
French Polynesia,French Polynesia,1568,2010
French Polynesia,French Polynesia,1682,2011
French Polynesia,French Polynesia,1513,2012
French Polynesia,French Polynesia,1513,2013
French Polynesia,French Polynesia,1588,2014
French Polynesia,French Polynesia,1417,2015
French Polynesia,French Polynesia,1408,2016
French Polynesia,French Polynesia,1449,2017
French Polynesia,French Polynesia,0,2018
Gabon,Gabon,1180,2005
Gabon,Gabon,0,2006
Gabon,Gabon,1172,2007
Gabon,Gabon,1778,2008
Gabon,Gabon,1891,2009
Gabon,Gabon,2281,2010
Gabon,Gabon,2885,2011
Gabon,Gabon,2667,2012
Gabon,Gabon,2973,2013
Gabon,Gabon,2524,2014
Gabon,Gabon,2155,2015
Gabon,Gabon,0,2016
Gabon,Gabon,0,2017
Gabon,Gabon,0,2018
Georgia,Georgia,1374,2005
Georgia,Georgia,1646,2006
Georgia,Georgia,2042,2007
Georgia,Georgia,2517,2008
Georgia,Georgia,2307,2009
Georgia,Georgia,2734,2010
Georgia,Georgia,3284,2011
Georgia,Georgia,4016,2012
Georgia,Georgia,4546,2013
Georgia,Georgia,4782,2014
Georgia,Georgia,4770,2015
Georgia,Georgia,5049,2016
Georgia,Georgia,5956,2017
Georgia,Georgia,6736,2018
Ghana,Ghana,2379,2005
Ghana,Ghana,2916,2006
Ghana,Ghana,3831,2007
Ghana,Ghana,4099,2008
Ghana,Ghana,4713,2009
Ghana,Ghana,4480,2010
Ghana,Ghana,5476,2011
Ghana,Ghana,7496,2012
Ghana,Ghana,7352,2013
Ghana,Ghana,6692,2014
Ghana,Ghana,13451,2015
Ghana,Ghana,13959,2016
Ghana,Ghana,16077,2017
Ghana,Ghana,17652,2018
Greece,Greece,50095,2005
Greece,Greece,53964,2006
Greece,Greece,65565,2007
Greece,Greece,77771,2008
Greece,Greece,59705,2009
Greece,Greece,57336,2010
Greece,Greece,58585,2011
Greece,Greece,50834,2012
Greece,Greece,53564,2013
Greece,Greece,58153,2014
Greece,Greece,51814,2015
Greece,Greece,47888,2016
Greece,Greece,55531,2017
Greece,Greece,64174,2018
Grenada,Grenada,212,2005
Grenada,Grenada,235,2006
Grenada,Grenada,277,2007
Grenada,Grenada,280,2008
Grenada,Grenada,250,2009
Grenada,Grenada,247,2010
Grenada,Grenada,259,2011
Grenada,Grenada,259,2012
Grenada,Grenada,262,2013
Grenada,Grenada,617,2014
Grenada,Grenada,656,2015
Grenada,Grenada,699,2016
Grenada,Grenada,780,2017
Grenada,Grenada,866,2018
Guatemala,Guatemala,2758,2005
Guatemala,Guatemala,3297,2006
Guatemala,Guatemala,3772,2007
Guatemala,Guatemala,4162,2008
Guatemala,Guatemala,4221,2009
Guatemala,Guatemala,4675,2010
Guatemala,Guatemala,4756,2011
Guatemala,Guatemala,4974,2012
Guatemala,Guatemala,5291,2013
Guatemala,Guatemala,5863,2014
Guatemala,Guatemala,5985,2015
Guatemala,Guatemala,5810,2016
Guatemala,Guatemala,6121,2017
Guatemala,Guatemala,6285,2018
Guinea,Guinea,371,2005
Guinea,Guinea,369,2006
Guinea,Guinea,355,2007
Guinea,Guinea,549,2008
Guinea,Guinea,408,2009
Guinea,Guinea,464,2010
Guinea,Guinea,653,2011
Guinea,Guinea,1051,2012
Guinea,Guinea,842,2013
Guinea,Guinea,609,2014
Guinea,Guinea,581,2015
Guinea,Guinea,762,2016
Guinea,Guinea,808,2017
Guinea,Guinea,861,2018
Guinea-Bissau,Guinea-Bissau,47,2005
Guinea-Bissau,Guinea-Bissau,43,2006
Guinea-Bissau,Guinea-Bissau,101,2007
Guinea-Bissau,Guinea-Bissau,129,2008
Guinea-Bissau,Guinea-Bissau,120,2009
Guinea-Bissau,Guinea-Bissau,147,2010
Guinea-Bissau,Guinea-Bissau,145,2011
Guinea-Bissau,Guinea-Bissau,95,2012
Guinea-Bissau,Guinea-Bissau,125,2013
Guinea-Bissau,Guinea-Bissau,163,2014
Guinea-Bissau,Guinea-Bissau,167,2015
Guinea-Bissau,Guinea-Bissau,103,2016
Guinea-Bissau,Guinea-Bissau,190,2017
Guinea-Bissau,Guinea-Bissau,204,2018
Guyana,Guyana,349,2005
Guyana,Guyana,393,2006
Guyana,Guyana,446,2007
Guyana,Guyana,537,2008
Guyana,Guyana,442,2009
Guyana,Guyana,592,2010
Guyana,Guyana,732,2011
Guyana,Guyana,824,2012
Guyana,Guyana,668,2013
Guyana,Guyana,607,2014
Guyana,Guyana,568,2015
Guyana,Guyana,613,2016
Guyana,Guyana,614,2017
Guyana,Guyana,0,2018
Haiti,Haiti,689,2005
Haiti,Haiti,787,2006
Haiti,Haiti,937,2007
Haiti,Haiti,1173,2008
Haiti,Haiti,1255,2009
Haiti,Haiti,1730,2010
Haiti,Haiti,1663,2011
Haiti,Haiti,1665,2012
Haiti,Haiti,1754,2013
Haiti,Haiti,1788,2014
Haiti,Haiti,1766,2015
Haiti,Haiti,1636,2016
Haiti,Haiti,1594,2017
Haiti,Haiti,1630,2018
Honduras,Honduras,2703,2005
Honduras,Honduras,2865,2006
Honduras,Honduras,2911,2007
Honduras,Honduras,3256,2008
Honduras,Honduras,2835,2009
Honduras,Honduras,3277,2010
Honduras,Honduras,3702,2011
Honduras,Honduras,3897,2012
Honduras,Honduras,4032,2013
Honduras,Honduras,4330,2014
Honduras,Honduras,4606,2015
Honduras,Honduras,4646,2016
Honduras,Honduras,4783,2017
Honduras,Honduras,5018,2018
Hungary,Hungary,24177,2005
Hungary,Hungary,25723,2006
Hungary,Hungary,32897,2007
Hungary,Hungary,39007,2008
Hungary,Hungary,35501,2009
Hungary,Hungary,35317,2010
Hungary,Hungary,40002,2011
Hungary,Hungary,36354,2012
Hungary,Hungary,40132,2013
Hungary,Hungary,43595,2014
Hungary,Hungary,39428,2015
Hungary,Hungary,41426,2016
Hungary,Hungary,45232,2017
Hungary,Hungary,49394,2018
Iceland,Iceland,4636,2005
Iceland,Iceland,4630,2006
Iceland,Iceland,5920,2007
Iceland,Iceland,5136,2008
Iceland,Iceland,4606,2009
Iceland,Iceland,5138,2010
Iceland,Iceland,5978,2011
Iceland,Iceland,6237,2012
Iceland,Iceland,6803,2013
Iceland,Iceland,7402,2014
Iceland,Iceland,7197,2015
Iceland,Iceland,8574,2016
Iceland,Iceland,10021,2017
Iceland,Iceland,10690,2018
Indonesia,Indonesia,35194,2005
Indonesia,Indonesia,33145,2006
Indonesia,Indonesia,37139,2007
Indonesia,Indonesia,43871,2008
Indonesia,Indonesia,36380,2009
Indonesia,Indonesia,43348,2010
Indonesia,Indonesia,53579,2011
Indonesia,Indonesia,57884,2012
Indonesia,Indonesia,57958,2013
Indonesia,Indonesia,57072,2014
Indonesia,Indonesia,53139,2015
Indonesia,Indonesia,53731,2016
Indonesia,Indonesia,58035,2017
Indonesia,Indonesia,62966,2018
Iran,Iran,15839,2005
Iran,Iran,17550,2006
Iran,Iran,22286,2007
Iran,Iran,25524,2008
Iran,Iran,25730,2009
Iran,Iran,27746,2010
Iran,Iran,26655,2011
Iran,Iran,24326,2012
Iran,Iran,25568,2013
Iran,Iran,28022,2014
Iran,Iran,26955,2015
Iran,Iran,26061,2016
Iran,Iran,0,2017
Iran,Iran,0,2018
Iraq,Iraq,6450,2005
Iraq,Iraq,5847,2006
Iraq,Iraq,5734,2007
Iraq,Iraq,9068,2008
Iraq,Iraq,10756,2009
Iraq,Iraq,12698,2010
Iraq,Iraq,13946,2011
Iraq,Iraq,16124,2012
Iraq,Iraq,20355,2013
Iraq,Iraq,22396,2014
Iraq,Iraq,22846,2015
Iraq,Iraq,20570,2016
Iraq,Iraq,22314,2017
Iraq,Iraq,23571,2018
Israel,Israel,31686,2005
Israel,Israel,34213,2006
Israel,Israel,39292,2007
Israel,Israel,45108,2008
Israel,Israel,40188,2009
Israel,Israel,44182,2010
Israel,Israel,49751,2011
Israel,Israel,54081,2012
Israel,Israel,56763,2013
Israel,Israel,60195,2014
Israel,Israel,61380,2015
Israel,Israel,66051,2016
Israel,Israel,73571,2017
Israel,Israel,80702,2018
Jamaica,Jamaica,4052,2005
Jamaica,Jamaica,4670,2006
Jamaica,Jamaica,4989,2007
Jamaica,Jamaica,5162,2008
Jamaica,Jamaica,4532,2009
Jamaica,Jamaica,4458,2010
Jamaica,Jamaica,4566,2011
Jamaica,Jamaica,4933,2012
Jamaica,Jamaica,4814,2013
Jamaica,Jamaica,5197,2014
Jamaica,Jamaica,5220,2015
Jamaica,Jamaica,5409,2016
Jamaica,Jamaica,5886,2017
Jamaica,Jamaica,6352,2018
Jordan,Jordan,4954,2005
Jordan,Jordan,5968,2006
Jordan,Jordan,7173,2007
Jordan,Jordan,8889,2008
Jordan,Jordan,8504,2009
Jordan,Jordan,10143,2010
Jordan,Jordan,10212,2011
Jordan,Jordan,10965,2012
Jordan,Jordan,10927,2013
Jordan,Jordan,11774,2014
Jordan,Jordan,10797,2015
Jordan,Jordan,10613,2016
Jordan,Jordan,11521,2017
Jordan,Jordan,12074,2018
Kazakhstan,Kazakhstan,9608,2005
Kazakhstan,Kazakhstan,11488,2006
Kazakhstan,Kazakhstan,15293,2007
Kazakhstan,Kazakhstan,15511,2008
Kazakhstan,Kazakhstan,14186,2009
Kazakhstan,Kazakhstan,15488,2010
Kazakhstan,Kazakhstan,15311,2011
Kazakhstan,Kazakhstan,19776,2012
Kazakhstan,Kazakhstan,20055,2013
Kazakhstan,Kazakhstan,20848,2014
Kazakhstan,Kazakhstan,17075,2015
Kazakhstan,Kazakhstan,15932,2016
Kazakhstan,Kazakhstan,16588,2017
Kazakhstan,Kazakhstan,19146,2018
Kenya,Kenya,3035,2005
Kenya,Kenya,3856,2006
Kenya,Kenya,4630,2007
Kenya,Kenya,5186,2008
Kenya,Kenya,4733,2009
Kenya,Kenya,5861,2010
Kenya,Kenya,6374,2011
Kenya,Kenya,7555,2012
Kenya,Kenya,7947,2013
Kenya,Kenya,8374,2014
Kenya,Kenya,7959,2015
Kenya,Kenya,6887,2016
Kenya,Kenya,7740,2017
Kenya,Kenya,9010,2018
Kiribati,Kiribati,55,2005
Kiribati,Kiribati,42,2006
Kiribati,Kiribati,53,2007
Kiribati,Kiribati,60,2008
Kiribati,Kiribati,62,2009
Kiribati,Kiribati,64,2010
Kiribati,Kiribati,83,2011
Kiribati,Kiribati,84,2012
Kiribati,Kiribati,83,2013
Kiribati,Kiribati,92,2014
Kiribati,Kiribati,98,2015
Kiribati,Kiribati,111,2016
Kiribati,Kiribati,95,2017
Kiribati,Kiribati,0,2018
"Kuwait, the State of","Kuwait, the State of",13490,2005
"Kuwait, the State of","Kuwait, the State of",19082,2006
"Kuwait, the State of","Kuwait, the State of",23513,2007
"Kuwait, the State of","Kuwait, the State of",27736,2008
"Kuwait, the State of","Kuwait, the State of",25209,2009
"Kuwait, the State of","Kuwait, the State of",24794,2010
"Kuwait, the State of","Kuwait, the State of",29110,2011
"Kuwait, the State of","Kuwait, the State of",29934,2012
"Kuwait, the State of","Kuwait, the State of",27184,2013
"Kuwait, the State of","Kuwait, the State of",30055,2014
"Kuwait, the State of","Kuwait, the State of",29852,2015
"Kuwait, the State of","Kuwait, the State of",31877,2016
"Kuwait, the State of","Kuwait, the State of",33479,2017
"Kuwait, the State of","Kuwait, the State of",43256,2018
Kyrgyz Republic,Kyrgyz Republic,549,2005
Kyrgyz Republic,Kyrgyz Republic,839,2006
Kyrgyz Republic,Kyrgyz Republic,1289,2007
Kyrgyz Republic,Kyrgyz Republic,1716,2008
Kyrgyz Republic,Kyrgyz Republic,1384,2009
Kyrgyz Republic,Kyrgyz Republic,1401,2010
Kyrgyz Republic,Kyrgyz Republic,1824,2011
Kyrgyz Republic,Kyrgyz Republic,2310,2012
Kyrgyz Republic,Kyrgyz Republic,2168,2013
Kyrgyz Republic,Kyrgyz Republic,2148,2014
Kyrgyz Republic,Kyrgyz Republic,1910,2015
Kyrgyz Republic,Kyrgyz Republic,1886,2016
Kyrgyz Republic,Kyrgyz Republic,1740,2017
Kyrgyz Republic,Kyrgyz Republic,1804,2018
Lao People's Democratic Republic,Lao People's Democratic Republic,243,2005
Lao People's Democratic Republic,Lao People's Democratic Republic,260,2006
Lao People's Democratic Republic,Lao People's Democratic Republic,322,2007
Lao People's Democratic Republic,Lao People's Democratic Republic,510,2008
Lao People's Democratic Republic,Lao People's Democratic Republic,533,2009
Lao People's Democratic Republic,Lao People's Democratic Republic,774,2010
Lao People's Democratic Republic,Lao People's Democratic Republic,881,2011
Lao People's Democratic Republic,Lao People's Democratic Republic,1385,2012
Lao People's Democratic Republic,Lao People's Democratic Republic,1840,2013
Lao People's Democratic Republic,Lao People's Democratic Republic,1914,2014
Lao People's Democratic Republic,Lao People's Democratic Republic,1922,2015
Lao People's Democratic Republic,Lao People's Democratic Republic,1857,2016
Lao People's Democratic Republic,Lao People's Democratic Republic,2029,2017
Lao People's Democratic Republic,Lao People's Democratic Republic,2075,2018
Latvia,Latvia,4071,2005
Latvia,Latvia,5079,2006
Latvia,Latvia,7190,2007
Latvia,Latvia,8692,2008
Latvia,Latvia,6790,2009
Latvia,Latvia,6355,2010
Latvia,Latvia,7593,2011
Latvia,Latvia,7596,2012
Latvia,Latvia,8002,2013
Latvia,Latvia,8186,2014
Latvia,Latvia,7358,2015
Latvia,Latvia,7784,2016
Latvia,Latvia,8578,2017
Latvia,Latvia,9620,2018
Lebanese Republic,Lebanese Republic,18754,2005
Lebanese Republic,Lebanese Republic,20404,2006
Lebanese Republic,Lebanese Republic,22742,2007
Lebanese Republic,Lebanese Republic,31095,2008
Lebanese Republic,Lebanese Republic,30953,2009
Lebanese Republic,Lebanese Republic,29219,2010
Lebanese Republic,Lebanese Republic,30729,2011
Lebanese Republic,Lebanese Republic,26631,2012
Lebanese Republic,Lebanese Republic,28722,2013
Lebanese Republic,Lebanese Republic,27967,2014
Lebanese Republic,Lebanese Republic,29603,2015
Lebanese Republic,Lebanese Republic,28473,2016
Lebanese Republic,Lebanese Republic,29043,2017
Lebanese Republic,Lebanese Republic,29726,2018
Lesotho,Lesotho,402,2005
Lesotho,Lesotho,417,2006
Lesotho,Lesotho,419,2007
Lesotho,Lesotho,452,2008
Lesotho,Lesotho,472,2009
Lesotho,Lesotho,493,2010
Lesotho,Lesotho,534,2011
Lesotho,Lesotho,493,2012
Lesotho,Lesotho,402,2013
Lesotho,Lesotho,359,2014
Lesotho,Lesotho,365,2015
Lesotho,Lesotho,363,2016
Lesotho,Lesotho,375,2017
Lesotho,Lesotho,385,2018
Liberia,Liberia,1068,2005
Liberia,Liberia,1611,2006
Liberia,Liberia,1595,2007
Liberia,Liberia,1921,2008
Liberia,Liberia,1426,2009
Liberia,Liberia,492,2010
Liberia,Liberia,838,2011
Liberia,Liberia,710,2012
Liberia,Liberia,769,2013
Liberia,Liberia,918,2014
Liberia,Liberia,498,2015
Liberia,Liberia,316,2016
Liberia,Liberia,307,2017
Liberia,Liberia,0,2018
Libya,Libya,2883,2005
Libya,Libya,3053,2006
Libya,Libya,2733,2007
Libya,Libya,4552,2008
Libya,Libya,5448,2009
Libya,Libya,6537,2010
Libya,Libya,4426,2011
Libya,Libya,7148,2012
Libya,Libya,8652,2013
Libya,Libya,7535,2014
Libya,Libya,5141,2015
Libya,Libya,2969,2016
Libya,Libya,4654,2017
Libya,Libya,0,2018
Lithuania,Lithuania,5113,2005
Lithuania,Lithuania,6192,2006
Lithuania,Lithuania,7669,2007
Lithuania,Lithuania,9307,2008
Lithuania,Lithuania,7189,2009
Lithuania,Lithuania,7580,2010
Lithuania,Lithuania,9394,2011
Lithuania,Lithuania,10531,2012
Lithuania,Lithuania,12512,2013
Lithuania,Lithuania,13349,2014
Lithuania,Lithuania,11399,2015
Lithuania,Lithuania,12667,2016
Lithuania,Lithuania,15425,2017
Lithuania,Lithuania,18428,2018
Madagascar,Madagascar,1195,2005
Madagascar,Madagascar,1467,2006
Madagascar,Madagascar,2217,2007
Madagascar,Madagascar,2832,2008
Madagascar,Madagascar,2071,2009
Madagascar,Madagascar,2201,2010
Madagascar,Madagascar,2543,2011
Madagascar,Madagascar,2622,2012
Madagascar,Madagascar,2625,2013
Madagascar,Madagascar,2620,2014
Madagascar,Madagascar,2229,2015
Madagascar,Madagascar,2327,2016
Madagascar,Madagascar,2523,2017
Madagascar,Madagascar,0,2018
Malawi,Malawi,226,2005
Malawi,Malawi,224,2006
Malawi,Malawi,227,2007
Malawi,Malawi,262,2008
Malawi,Malawi,308,2009
Malawi,Malawi,320,2010
Malawi,Malawi,336,2011
Malawi,Malawi,332,2012
Malawi,Malawi,356,2013
Malawi,Malawi,378,2014
Malawi,Malawi,445,2015
Malawi,Malawi,394,2016
Malawi,Malawi,459,2017
Malawi,Malawi,518,2018
Malaysia,Malaysia,41706,2005
Malaysia,Malaysia,44732,2006
Malaysia,Malaysia,57744,2007
Malaysia,Malaysia,61021,2008
Malaysia,Malaysia,55764,2009
Malaysia,Malaysia,67321,2010
Malaysia,Malaysia,77188,2011
Malaysia,Malaysia,83930,2012
Malaysia,Malaysia,87237,2013
Malaysia,Malaysia,87376,2014
Malaysia,Malaysia,75106,2015
Malaysia,Malaysia,75746,2016
Malaysia,Malaysia,79445,2017
Malaysia,Malaysia,84191,2018
Maldives,Maldives,536,2005
Maldives,Maldives,783,2006
Maldives,Maldives,1908,2007
Maldives,Maldives,2066,2008
Maldives,Maldives,1941,2009
Maldives,Maldives,2261,2010
Maldives,Maldives,2679,2011
Maldives,Maldives,2743,2012
Maldives,Maldives,3274,2013
Maldives,Maldives,3791,2014
Maldives,Maldives,3780,2015
Maldives,Maldives,3994,2016
Maldives,Maldives,4260,2017
Maldives,Maldives,4662,2018
Mali,Mali,864,2005
Mali,Mali,990,2006
Mali,Mali,1155,2007
Mali,Mali,1483,2008
Mali,Mali,1186,2009
Mali,Mali,1412,2010
Mali,Mali,1539,2011
Mali,Mali,1409,2012
Mali,Mali,2586,2013
Mali,Mali,2632,2014
Mali,Mali,2428,2015
Mali,Mali,2709,2016
Mali,Mali,2509,2017
Mali,Mali,2943,2018
Malta,Malta,7419,2005
Malta,Malta,9546,2006
Malta,Malta,11852,2007
Malta,Malta,17737,2008
Malta,Malta,18279,2009
Malta,Malta,18503,2010
Malta,Malta,20488,2011
Malta,Malta,20224,2012
Malta,Malta,21589,2013
Malta,Malta,22081,2014
Malta,Malta,23621,2015
Malta,Malta,22048,2016
Malta,Malta,23434,2017
Malta,Malta,25721,2018
Mauritania,Mauritania,459,2005
Mauritania,Mauritania,493,2006
Mauritania,Mauritania,596,2007
Mauritania,Mauritania,907,2008
Mauritania,Mauritania,797,2009
Mauritania,Mauritania,789,2010
Mauritania,Mauritania,971,2011
Mauritania,Mauritania,1162,2012
Mauritania,Mauritania,1185,2013
Mauritania,Mauritania,1179,2014
Mauritania,Mauritania,887,2015
Mauritania,Mauritania,875,2016
Mauritania,Mauritania,907,2017
Mauritania,Mauritania,0,2018
Mauritius,Mauritius,2816,2005
Mauritius,Mauritius,2988,2006
Mauritius,Mauritius,3774,2007
Mauritius,Mauritius,4464,2008
Mauritius,Mauritius,3846,2009
Mauritius,Mauritius,4674,2010
Mauritius,Mauritius,5731,2011
Mauritius,Mauritius,5851,2012
Mauritius,Mauritius,4988,2013
Mauritius,Mauritius,5028,2014
Mauritius,Mauritius,4774,2015
Mauritius,Mauritius,4877,2016
Mauritius,Mauritius,5229,2017
Mauritius,Mauritius,5370,2018
Mexico,Mexico,38540,2005
Mexico,Mexico,39797,2006
Mexico,Mexico,43088,2007
Mexico,Mexico,44515,2008
Mexico,Mexico,40147,2009
Mexico,Mexico,42365,2010
Mexico,Mexico,47237,2011
Mexico,Mexico,47691,2012
Mexico,Mexico,50244,2013
Mexico,Mexico,55642,2014
Mexico,Mexico,55544,2015
Mexico,Mexico,58076,2016
Mexico,Mexico,64155,2017
Mexico,Mexico,65806,2018
"Micronesia, Federated States of","Micronesia, Federated States of",79,2005
"Micronesia, Federated States of","Micronesia, Federated States of",81,2006
"Micronesia, Federated States of","Micronesia, Federated States of",84,2007
"Micronesia, Federated States of","Micronesia, Federated States of",90,2008
"Micronesia, Federated States of","Micronesia, Federated States of",119,2009
"Micronesia, Federated States of","Micronesia, Federated States of",115,2010
"Micronesia, Federated States of","Micronesia, Federated States of",111,2011
"Micronesia, Federated States of","Micronesia, Federated States of",115,2012
"Micronesia, Federated States of","Micronesia, Federated States of",114,2013
"Micronesia, Federated States of","Micronesia, Federated States of",115,2014
"Micronesia, Federated States of","Micronesia, Federated States of",123,2015
"Micronesia, Federated States of","Micronesia, Federated States of",125,2016
"Micronesia, Federated States of","Micronesia, Federated States of",146,2017
"Micronesia, Federated States of","Micronesia, Federated States of",0,2018
"Moldova, Republic of","Moldova, Republic of",872,2005
"Moldova, Republic of","Moldova, Republic of",1026,2006
"Moldova, Republic of","Moldova, Republic of",1375,2007
"Moldova, Republic of","Moldova, Republic of",1809,2008
"Moldova, Republic of","Moldova, Republic of",1500,2009
"Moldova, Republic of","Moldova, Republic of",1504,2010
"Moldova, Republic of","Moldova, Republic of",1837,2011
"Moldova, Republic of","Moldova, Republic of",1932,2012
"Moldova, Republic of","Moldova, Republic of",2133,2013
"Moldova, Republic of","Moldova, Republic of",2157,2014
"Moldova, Republic of","Moldova, Republic of",1830,2015
"Moldova, Republic of","Moldova, Republic of",1892,2016
"Moldova, Republic of","Moldova, Republic of",2171,2017
"Moldova, Republic of","Moldova, Republic of",2563,2018
Mongolia,Mongolia,815,2005
Mongolia,Mongolia,905,2006
Mongolia,Mongolia,1038,2007
Mongolia,Mongolia,1148,2008
Mongolia,Mongolia,989,2009
Mongolia,Mongolia,1275,2010
Mongolia,Mongolia,1890,2011
Mongolia,Mongolia,2729,2012
Mongolia,Mongolia,2688,2013
Mongolia,Mongolia,2503,2014
Mongolia,Mongolia,2093,2015
Mongolia,Mongolia,2940,2016
Mongolia,Mongolia,3144,2017
Mongolia,Mongolia,4202,2018
Montenegro,Montenegro,0,2005
Montenegro,Montenegro,0,2006
Montenegro,Montenegro,1327,2007
Montenegro,Montenegro,1802,2008
Montenegro,Montenegro,1520,2009
Montenegro,Montenegro,1482,2010
Montenegro,Montenegro,1701,2011
Montenegro,Montenegro,1638,2012
Montenegro,Montenegro,1770,2013
Montenegro,Montenegro,1820,2014
Montenegro,Montenegro,1818,2015
Montenegro,Montenegro,1933,2016
Montenegro,Montenegro,2192,2017
Montenegro,Montenegro,2570,2018
Montserrat,Montserrat,41,2005
Montserrat,Montserrat,32,2006
Montserrat,Montserrat,34,2007
Montserrat,Montserrat,37,2008
Montserrat,Montserrat,30,2009
Montserrat,Montserrat,28,2010
Montserrat,Montserrat,30,2011
Montserrat,Montserrat,31,2012
Montserrat,Montserrat,33,2013
Montserrat,Montserrat,36,2014
Montserrat,Montserrat,41,2015
Montserrat,Montserrat,40,2016
Montserrat,Montserrat,38,2017
Montserrat,Montserrat,40,2018
Morocco,Morocco,13109,2005
Morocco,Morocco,15850,2006
Morocco,Morocco,19481,2007
Morocco,Morocco,21980,2008
Morocco,Morocco,21731,2009
Morocco,Morocco,22107,2010
Morocco,Morocco,24473,2011
Morocco,Morocco,23483,2012
Morocco,Morocco,21924,2013
Morocco,Morocco,25108,2014
Morocco,Morocco,22587,2015
Morocco,Morocco,23789,2016
Morocco,Morocco,27147,2017
Morocco,Morocco,29093,2018
Mozambique,Mozambique,991,2005
Mozambique,Mozambique,1146,2006
Mozambique,Mozambique,1316,2007
Mozambique,Mozambique,1520,2008
Mozambique,Mozambique,1656,2009
Mozambique,Mozambique,1459,2010
Mozambique,Mozambique,2617,2011
Mozambique,Mozambique,5290,2012
Mozambique,Mozambique,4549,2013
Mozambique,Mozambique,4382,2014
Mozambique,Mozambique,3752,2015
Mozambique,Mozambique,3582,2016
Mozambique,Mozambique,3647,2017
Mozambique,Mozambique,4839,2018
Myanmar,Myanmar,778,2005
Myanmar,Myanmar,871,2006
Myanmar,Myanmar,988,2007
Myanmar,Myanmar,974,2008
Myanmar,Myanmar,966,2009
Myanmar,Myanmar,1158,2010
Myanmar,Myanmar,1848,2011
Myanmar,Myanmar,2690,2012
Myanmar,Myanmar,4933,2013
Myanmar,Myanmar,5325,2014
Myanmar,Myanmar,6177,2015
Myanmar,Myanmar,6310,2016
Myanmar,Myanmar,6730,2017
Myanmar,Myanmar,9353,2018
Namibia,Namibia,782,2005
Namibia,Namibia,955,2006
Namibia,Namibia,1111,2007
Namibia,Namibia,1140,2008
Namibia,Namibia,1176,2009
Namibia,Namibia,1381,2010
Namibia,Namibia,1493,2011
Namibia,Namibia,1518,2012
Namibia,Namibia,1326,2013
Namibia,Namibia,1880,2014
Namibia,Namibia,1561,2015
Namibia,Namibia,1371,2016
Namibia,Namibia,1411,2017
Namibia,Namibia,1419,2018
Nepal,Nepal,815,2005
Nepal,Nepal,879,2006
Nepal,Nepal,1234,2007
Nepal,Nepal,1576,2008
Nepal,Nepal,1547,2009
Nepal,Nepal,1541,2010
Nepal,Nepal,1645,2011
Nepal,Nepal,1821,2012
Nepal,Nepal,2175,2013
Nepal,Nepal,2586,2014
Nepal,Nepal,2631,2015
Nepal,Nepal,2605,2016
Nepal,Nepal,3212,2017
Nepal,Nepal,4424,2018
New Caledonia,New Caledonia,1206,2005
New Caledonia,New Caledonia,1564,2006
New Caledonia,New Caledonia,1832,2007
New Caledonia,New Caledonia,1878,2008
New Caledonia,New Caledonia,1524,2009
New Caledonia,New Caledonia,1825,2010
New Caledonia,New Caledonia,1984,2011
New Caledonia,New Caledonia,2034,2012
New Caledonia,New Caledonia,2046,2013
New Caledonia,New Caledonia,1799,2014
New Caledonia,New Caledonia,1685,2015
New Caledonia,New Caledonia,1649,2016
New Caledonia,New Caledonia,1684,2017
New Caledonia,New Caledonia,0,2018
New Zealand,New Zealand,18538,2005
New Zealand,New Zealand,17876,2006
New Zealand,New Zealand,21219,2007
New Zealand,New Zealand,21959,2008
New Zealand,New Zealand,18764,2009
New Zealand,New Zealand,21783,2010
New Zealand,New Zealand,25399,2011
New Zealand,New Zealand,25528,2012
New Zealand,New Zealand,26120,2013
New Zealand,New Zealand,27634,2014
New Zealand,New Zealand,26118,2015
New Zealand,New Zealand,26900,2016
New Zealand,New Zealand,29111,2017
New Zealand,New Zealand,30635,2018
Nicaragua,Nicaragua,979,2005
Nicaragua,Nicaragua,1060,2006
Nicaragua,Nicaragua,1215,2007
Nicaragua,Nicaragua,1557,2008
Nicaragua,Nicaragua,1434,2009
Nicaragua,Nicaragua,1542,2010
Nicaragua,Nicaragua,1843,2011
Nicaragua,Nicaragua,1997,2012
Nicaragua,Nicaragua,2203,2013
Nicaragua,Nicaragua,2200,2014
Nicaragua,Nicaragua,2275,2015
Nicaragua,Nicaragua,2394,2016
Nicaragua,Nicaragua,2587,2017
Nicaragua,Nicaragua,2272,2018
Niger,Niger,368,2005
Niger,Niger,420,2006
Niger,Niger,454,2007
Niger,Niger,732,2008
Niger,Niger,836,2009
Niger,Niger,964,2010
Niger,Niger,939,2011
Niger,Niger,905,2012
Niger,Niger,1127,2013
Niger,Niger,1325,2014
Niger,Niger,1205,2015
Niger,Niger,1008,2016
Niger,Niger,1202,2017
Niger,Niger,1339,2018
Nigeria,Nigeria,8416,2005
Nigeria,Nigeria,16223,2006
Nigeria,Nigeria,19791,2007
Nigeria,Nigeria,26636,2008
Nigeria,Nigeria,20915,2009
Nigeria,Nigeria,24413,2010
Nigeria,Nigeria,27958,2011
Nigeria,Nigeria,26341,2012
Nigeria,Nigeria,24199,2013
Nigeria,Nigeria,26657,2014
Nigeria,Nigeria,23398,2015
Nigeria,Nigeria,15488,2016
Nigeria,Nigeria,23256,2017
Nigeria,Nigeria,35646,2018
North Macedonia,North Macedonia,1232,2005
North Macedonia,North Macedonia,1324,2006
North Macedonia,North Macedonia,1820,2007
North Macedonia,North Macedonia,2242,2008
North Macedonia,North Macedonia,1922,2009
North Macedonia,North Macedonia,1805,2010
North Macedonia,North Macedonia,2412,2011
North Macedonia,North Macedonia,2341,2012
North Macedonia,North Macedonia,2570,2013
North Macedonia,North Macedonia,2954,2014
North Macedonia,North Macedonia,2670,2015
North Macedonia,North Macedonia,2695,2016
North Macedonia,North Macedonia,2836,2017
North Macedonia,North Macedonia,3263,2018
Oman,Oman,4084,2005
Oman,Oman,5207,2006
Oman,Oman,6778,2007
Oman,Oman,7704,2008
Oman,Oman,7104,2009
Oman,Oman,8172,2010
Oman,Oman,10062,2011
Oman,Oman,11472,2012
Oman,Oman,12753,2013
Oman,Oman,13145,2014
Oman,Oman,13610,2015
Oman,Oman,13420,2016
Oman,Oman,14821,2017
Oman,Oman,0,2018
Pakistan,Pakistan,11256,2005
Pakistan,Pakistan,11976,2006
Pakistan,Pakistan,12675,2007
Pakistan,Pakistan,14046,2008
Pakistan,Pakistan,10572,2009
Pakistan,Pakistan,13748,2010
Pakistan,Pakistan,13261,2011
Pakistan,Pakistan,15099,2012
Pakistan,Pakistan,12881,2013
Pakistan,Pakistan,14289,2014
Pakistan,Pakistan,14704,2015
Pakistan,Pakistan,14210,2016
Pakistan,Pakistan,16331,2017
Pakistan,Pakistan,15378,2018
Panama,Panama,4946,2005
Panama,Panama,5675,2006
Panama,Panama,6486,2007
Panama,Panama,7839,2008
Panama,Panama,7686,2009
Panama,Panama,9200,2010
Panama,Panama,12412,2011
Panama,Panama,14381,2012
Panama,Panama,15943,2013
Panama,Panama,16379,2014
Panama,Panama,16690,2015
Panama,Panama,17181,2016
Panama,Panama,18167,2017
Panama,Panama,18273,2018
Papua New Guinea,Papua New Guinea,1583,2005
Papua New Guinea,Papua New Guinea,1918,2006
Papua New Guinea,Papua New Guinea,2298,2007
Papua New Guinea,Papua New Guinea,2212,2008
Papua New Guinea,Papua New Guinea,2025,2009
Papua New Guinea,Papua New Guinea,3067,2010
Papua New Guinea,Papua New Guinea,3389,2011
Papua New Guinea,Papua New Guinea,4212,2012
Papua New Guinea,Papua New Guinea,4306,2013
Papua New Guinea,Papua New Guinea,2495,2014
Papua New Guinea,Papua New Guinea,1479,2015
Papua New Guinea,Papua New Guinea,1198,2016
Papua New Guinea,Papua New Guinea,1822,2017
Papua New Guinea,Papua New Guinea,2109,2018
Paraguay,Paraguay,625,2005
Paraguay,Paraguay,734,2006
Paraguay,Paraguay,968,2007
Paraguay,Paraguay,1081,2008
Paraguay,Paraguay,1147,2009
Paraguay,Paraguay,1462,2010
Paraguay,Paraguay,1704,2011
Paraguay,Paraguay,1754,2012
Paraguay,Paraguay,1997,2013
Paraguay,Paraguay,2105,2014
Paraguay,Paraguay,2054,2015
Paraguay,Paraguay,2112,2016
Paraguay,Paraguay,2328,2017
Paraguay,Paraguay,2455,2018
Peru,Peru,5438,2005
Peru,Peru,6068,2006
Peru,Peru,7508,2007
Peru,Peru,9364,2008
Peru,Peru,8454,2009
Peru,Peru,9737,2010
Peru,Peru,10776,2011
Peru,Peru,12331,2012
Peru,Peru,13651,2013
Peru,Peru,13779,2014
Peru,Peru,14517,2015
Peru,Peru,14603,2016
Peru,Peru,16227,2017
Peru,Peru,17267,2018
Philippines,Philippines,15074,2005
Philippines,Philippines,17651,2006
Philippines,Philippines,21046,2007
Philippines,Philippines,24139,2008
Philippines,Philippines,23270,2009
Philippines,Philippines,29799,2010
Philippines,Philippines,31194,2011
Philippines,Philippines,34700,2012
Philippines,Philippines,39655,2013
Philippines,Philippines,46420,2014
Philippines,Philippines,52675,2015
Philippines,Philippines,55364,2016
Philippines,Philippines,60971,2017
Philippines,Philippines,64445,2018
Portugal,Portugal,24589,2005
Portugal,Portugal,29593,2006
Portugal,Portugal,36664,2007
Portugal,Portugal,41452,2008
Portugal,Portugal,36346,2009
Portugal,Portugal,37062,2010
Portugal,Portugal,42518,2011
Portugal,Portugal,39358,2012
Portugal,Portugal,43868,2013
Portugal,Portugal,47050,2014
Portugal,Portugal,41885,2015
Portugal,Portugal,44230,2016
Portugal,Portugal,50617,2017
Portugal,Portugal,55933,2018
Qatar,Qatar,7365,2005
Qatar,Qatar,11150,2006
Qatar,Qatar,11051,2007
Qatar,Qatar,10647,2008
Qatar,Qatar,7920,2009
Qatar,Qatar,11791,2010
Qatar,Qatar,24261,2011
Qatar,Qatar,33828,2012
Qatar,Qatar,38654,2013
Qatar,Qatar,46385,2014
Qatar,Qatar,45772,2015
Qatar,Qatar,46717,2016
Qatar,Qatar,49133,2017
Qatar,Qatar,50777,2018
Romania,Romania,15166,2005
Romania,Romania,19326,2006
Romania,Romania,22102,2007
Romania,Romania,28425,2008
Romania,Romania,22295,2009
Romania,Romania,18776,2010
Romania,Romania,21880,2011
Romania,Romania,22200,2012
Romania,Romania,29441,2013
Romania,Romania,32279,2014
Romania,Romania,29399,2015
Romania,Romania,31298,2016
Romania,Romania,37420,2017
Romania,Romania,43424,2018
Rwanda,Rwanda,406,2005
Rwanda,Rwanda,564,2006
Rwanda,Rwanda,614,2007
Rwanda,Rwanda,961,2008
Rwanda,Rwanda,891,2009
Rwanda,Rwanda,944,2010
Rwanda,Rwanda,1132,2011
Rwanda,Rwanda,1035,2012
Rwanda,Rwanda,1165,2013
Rwanda,Rwanda,1262,2014
Rwanda,Rwanda,1909,2015
Rwanda,Rwanda,1924,2016
Rwanda,Rwanda,2026,2017
Rwanda,Rwanda,2152,2018
Saint Kitts and Nevis,Saint Kitts and Nevis,258,2005
Saint Kitts and Nevis,Saint Kitts and Nevis,278,2006
Saint Kitts and Nevis,Saint Kitts and Nevis,278,2007
Saint Kitts and Nevis,Saint Kitts and Nevis,291,2008
Saint Kitts and Nevis,Saint Kitts and Nevis,237,2009
Saint Kitts and Nevis,Saint Kitts and Nevis,261,2010
Saint Kitts and Nevis,Saint Kitts and Nevis,290,2011
Saint Kitts and Nevis,Saint Kitts and Nevis,314,2012
Saint Kitts and Nevis,Saint Kitts and Nevis,362,2013
Saint Kitts and Nevis,Saint Kitts and Nevis,741,2014
Saint Kitts and Nevis,Saint Kitts and Nevis,707,2015
Saint Kitts and Nevis,Saint Kitts and Nevis,708,2016
Saint Kitts and Nevis,Saint Kitts and Nevis,726,2017
Saint Kitts and Nevis,Saint Kitts and Nevis,859,2018
Saint Lucia,Saint Lucia,613,2005
Saint Lucia,Saint Lucia,530,2006
Saint Lucia,Saint Lucia,562,2007
Saint Lucia,Saint Lucia,579,2008
Saint Lucia,Saint Lucia,543,2009
Saint Lucia,Saint Lucia,574,2010
Saint Lucia,Saint Lucia,584,2011
Saint Lucia,Saint Lucia,582,2012
Saint Lucia,Saint Lucia,596,2013
Saint Lucia,Saint Lucia,1117,2014
Saint Lucia,Saint Lucia,1190,2015
Saint Lucia,Saint Lucia,1167,2016
Saint Lucia,Saint Lucia,1210,2017
Saint Lucia,Saint Lucia,1355,2018
Saint Martin,Saint Martin,0,2005
Saint Martin,Saint Martin,0,2006
Saint Martin,Saint Martin,0,2007
Saint Martin,Saint Martin,0,2008
Saint Martin,Saint Martin,0,2009
Saint Martin,Saint Martin,0,2010
Saint Martin,Saint Martin,1138,2011
Saint Martin,Saint Martin,1303,2012
Saint Martin,Saint Martin,1326,2013
Saint Martin,Saint Martin,1407,2014
Saint Martin,Saint Martin,1365,2015
Saint Martin,Saint Martin,1307,2016
Saint Martin,Saint Martin,1070,2017
Saint Martin,Saint Martin,803,2018
Saint Vincent and the Grenadines,Saint Vincent and the Grenadines,237,2005
Saint Vincent and the Grenadines,Saint Vincent and the Grenadines,259,2006
Saint Vincent and the Grenadines,Saint Vincent and the Grenadines,275,2007
Saint Vincent and the Grenadines,Saint Vincent and the Grenadines,255,2008
Saint Vincent and the Grenadines,Saint Vincent and the Grenadines,233,2009
Saint Vincent and the Grenadines,Saint Vincent and the Grenadines,229,2010
Saint Vincent and the Grenadines,Saint Vincent and the Grenadines,223,2011
Saint Vincent and the Grenadines,Saint Vincent and the Grenadines,227,2012
Saint Vincent and the Grenadines,Saint Vincent and the Grenadines,232,2013
Saint Vincent and the Grenadines,Saint Vincent and the Grenadines,331,2014
Saint Vincent and the Grenadines,Saint Vincent and the Grenadines,353,2015
Saint Vincent and the Grenadines,Saint Vincent and the Grenadines,383,2016
Saint Vincent and the Grenadines,Saint Vincent and the Grenadines,382,2017
Saint Vincent and the Grenadines,Saint Vincent and the Grenadines,410,2018
Samoa,Samoa,199,2005
Samoa,Samoa,210,2006
Samoa,Samoa,239,2007
Samoa,Samoa,243,2008
Samoa,Samoa,242,2009
Samoa,Samoa,254,2010
Samoa,Samoa,260,2011
Samoa,Samoa,290,2012
Samoa,Samoa,295,2013
Samoa,Samoa,273,2014
Samoa,Samoa,272,2015
Samoa,Samoa,299,2016
Samoa,Samoa,330,2017
Samoa,Samoa,0,2018
Sao Tomé and Principe,Sao Tomé and Principe,20,2005
Sao Tomé and Principe,Sao Tomé and Principe,26,2006
Sao Tomé and Principe,Sao Tomé and Principe,26,2007
Sao Tomé and Principe,Sao Tomé and Principe,31,2008
Sao Tomé and Principe,Sao Tomé and Principe,29,2009
Sao Tomé and Principe,Sao Tomé and Principe,37,2010
Sao Tomé and Principe,Sao Tomé and Principe,49,2011
Sao Tomé and Principe,Sao Tomé and Principe,43,2012
Sao Tomé and Principe,Sao Tomé and Principe,84,2013
Sao Tomé and Principe,Sao Tomé and Principe,155,2014
Sao Tomé and Principe,Sao Tomé and Principe,146,2015
Sao Tomé and Principe,Sao Tomé and Principe,149,2016
Sao Tomé and Principe,Sao Tomé and Principe,143,2017
Sao Tomé and Principe,Sao Tomé and Principe,161,2018
Senegal,Senegal,1572,2005
Senegal,Senegal,1644,2006
Senegal,Senegal,2439,2007
Senegal,Senegal,2705,2008
Senegal,Senegal,2167,2009
Senegal,Senegal,2167,2010
Senegal,Senegal,2458,2011
Senegal,Senegal,2550,2012
Senegal,Senegal,2771,2013
Senegal,Senegal,2773,2014
Senegal,Senegal,2502,2015
Senegal,Senegal,2557,2016
Senegal,Senegal,2812,2017
Senegal,Senegal,3133,2018
Serbia,Serbia,0,2005
Serbia,Serbia,0,2006
Serbia,Serbia,6656,2007
Serbia,Serbia,8354,2008
Serbia,Serbia,6965,2009
Serbia,Serbia,7054,2010
Serbia,Serbia,8207,2011
Serbia,Serbia,7798,2012
Serbia,Serbia,8680,2013
Serbia,Serbia,9473,2014
Serbia,Serbia,8666,2015
Serbia,Serbia,9107,2016
Serbia,Serbia,10803,2017
Serbia,Serbia,12850,2018
Seychelles,Seychelles,610,2005
Seychelles,Seychelles,714,2006
Seychelles,Seychelles,703,2007
Seychelles,Seychelles,707,2008
Seychelles,Seychelles,659,2009
Seychelles,Seychelles,707,2010
Seychelles,Seychelles,732,2011
Seychelles,Seychelles,1061,2012
Seychelles,Seychelles,1299,2013
Seychelles,Seychelles,1338,2014
Seychelles,Seychelles,1346,2015
Seychelles,Seychelles,1401,2016
Seychelles,Seychelles,1550,2017
Seychelles,Seychelles,1547,2018
Sierra Leone,Sierra Leone,169,2005
Sierra Leone,Sierra Leone,124,2006
Sierra Leone,Sierra Leone,137,2007
Sierra Leone,Sierra Leone,180,2008
Sierra Leone,Sierra Leone,233,2009
Sierra Leone,Sierra Leone,309,2010
Sierra Leone,Sierra Leone,585,2011
Sierra Leone,Sierra Leone,704,2012
Sierra Leone,Sierra Leone,910,2013
Sierra Leone,Sierra Leone,1443,2014
Sierra Leone,Sierra Leone,1083,2015
Sierra Leone,Sierra Leone,729,2016
Sierra Leone,Sierra Leone,584,2017
Sierra Leone,Sierra Leone,0,2018
Slovak Republic,Slovak Republic,11988,2005
Slovak Republic,Slovak Republic,13538,2006
Slovak Republic,Slovak Republic,16524,2007
Slovak Republic,Slovak Republic,19487,2008
Slovak Republic,Slovak Republic,14464,2009
Slovak Republic,Slovak Republic,13692,2010
Slovak Republic,Slovak Republic,14923,2011
Slovak Republic,Slovak Republic,15004,2012
Slovak Republic,Slovak Republic,17922,2013
Slovak Republic,Slovak Republic,17956,2014
Slovak Republic,Slovak Republic,16046,2015
Slovak Republic,Slovak Republic,17955,2016
Slovak Republic,Slovak Republic,19774,2017
Slovak Republic,Slovak Republic,22157,2018
Slovenia,Slovenia,7024,2005
Slovenia,Slovenia,7927,2006
Slovenia,Slovenia,10177,2007
Slovenia,Slovenia,12805,2008
Slovenia,Slovenia,10751,2009
Slovenia,Slovenia,10726,2010
Slovenia,Slovenia,11685,2011
Slovenia,Slovenia,11183,2012
Slovenia,Slovenia,11821,2013
Slovenia,Slovenia,12498,2014
Slovenia,Slovenia,11028,2015
Slovenia,Slovenia,11862,2016
Slovenia,Slovenia,13332,2017
Slovenia,Slovenia,15101,2018
Solomon Islands,Solomon Islands,99,2005
Solomon Islands,Solomon Islands,117,2006
Solomon Islands,Solomon Islands,151,2007
Solomon Islands,Solomon Islands,164,2008
Solomon Islands,Solomon Islands,164,2009
Solomon Islands,Solomon Islands,280,2010
Solomon Islands,Solomon Islands,304,2011
Solomon Islands,Solomon Islands,322,2012
Solomon Islands,Solomon Islands,374,2013
Solomon Islands,Solomon Islands,337,2014
Solomon Islands,Solomon Islands,288,2015
Solomon Islands,Solomon Islands,330,2016
Solomon Islands,Solomon Islands,356,2017
Solomon Islands,Solomon Islands,359,2018
Somalia,Somalia,0,2005
Somalia,Somalia,0,2006
Somalia,Somalia,0,2007
Somalia,Somalia,0,2008
Somalia,Somalia,0,2009
Somalia,Somalia,0,2010
Somalia,Somalia,0,2011
Somalia,Somalia,0,2012
Somalia,Somalia,1216,2013
Somalia,Somalia,1561,2014
Somalia,Somalia,1683,2015
Somalia,Somalia,1708,2016
Somalia,Somalia,1845,2017
Somalia,Somalia,1883,2018
South Africa,South Africa,23980,2005
South Africa,South Africa,27204,2006
South Africa,South Africa,31086,2007
South Africa,South Africa,31012,2008
South Africa,South Africa,28598,2009
South Africa,South Africa,35655,2010
South Africa,South Africa,38212,2011
South Africa,South Africa,36554,2012
South Africa,South Africa,34869,2013
South Africa,South Africa,33871,2014
South Africa,South Africa,30581,2015
South Africa,South Africa,29300,2016
South Africa,South Africa,31927,2017
South Africa,South Africa,32454,2018
South Sudan,South Sudan,0,2005
South Sudan,South Sudan,0,2006
South Sudan,South Sudan,0,2007
South Sudan,South Sudan,0,2008
South Sudan,South Sudan,0,2009
South Sudan,South Sudan,0,2010
South Sudan,South Sudan,0,2011
South Sudan,South Sudan,0,2012
South Sudan,South Sudan,0,2013
South Sudan,South Sudan,398,2014
South Sudan,South Sudan,1144,2015
South Sudan,South Sudan,796,2016
South Sudan,South Sudan,754,2017
South Sudan,South Sudan,813,2018
Sri Lanka,Sri Lanka,4426,2005
Sri Lanka,Sri Lanka,4941,2006
Sri Lanka,Sri Lanka,5393,2007
Sri Lanka,Sri Lanka,6280,2008
Sri Lanka,Sri Lanka,5333,2009
Sri Lanka,Sri Lanka,6797,2010
Sri Lanka,Sri Lanka,8920,2011
Sri Lanka,Sri Lanka,8257,2012
Sri Lanka,Sri Lanka,9991,2013
Sri Lanka,Sri Lanka,11272,2014
Sri Lanka,Sri Lanka,12362,2015
Sri Lanka,Sri Lanka,13315,2016
Sri Lanka,Sri Lanka,14279,2017
Sri Lanka,Sri Lanka,15243,2018
Sudan,Sudan,1650,2005
Sudan,Sudan,2800,2006
Sudan,Sudan,3191,2007
Sudan,Sudan,2949,2008
Sudan,Sudan,2425,2009
Sudan,Sudan,2775,2010
Sudan,Sudan,3733,2011
Sudan,Sudan,3168,2012
Sudan,Sudan,3288,2013
Sudan,Sudan,3643,2014
Sudan,Sudan,3316,2015
Sudan,Sudan,2983,2016
Sudan,Sudan,3375,2017
Sudan,Sudan,2683,2018
Suriname,Suriname,556,2005
Suriname,Suriname,506,2006
Suriname,Suriname,571,2007
Suriname,Suriname,691,2008
Suriname,Suriname,572,2009
Suriname,Suriname,500,2010
Suriname,Suriname,763,2011
Suriname,Suriname,790,2012
Suriname,Suriname,767,2013
Suriname,Suriname,1006,2014
Suriname,Suriname,886,2015
Suriname,Suriname,666,2016
Suriname,Suriname,657,2017
Suriname,Suriname,761,2018
Syrian Arab Republic,Syrian Arab Republic,5269,2005
Syrian Arab Republic,Syrian Arab Republic,5444,2006
Syrian Arab Republic,Syrian Arab Republic,6874,2007
Syrian Arab Republic,Syrian Arab Republic,7586,2008
Syrian Arab Republic,Syrian Arab Republic,7532,2009
Syrian Arab Republic,Syrian Arab Republic,10866,2010
Syrian Arab Republic,Syrian Arab Republic,5442,2011
Syrian Arab Republic,Syrian Arab Republic,0,2012
Syrian Arab Republic,Syrian Arab Republic,0,2013
Syrian Arab Republic,Syrian Arab Republic,0,2014
Syrian Arab Republic,Syrian Arab Republic,0,2015
Syrian Arab Republic,Syrian Arab Republic,0,2016
Syrian Arab Republic,Syrian Arab Republic,0,2017
Syrian Arab Republic,Syrian Arab Republic,0,2018
Tajikistan,Tajikistan,398,2005
Tajikistan,Tajikistan,386,2006
Tajikistan,Tajikistan,742,2007
Tajikistan,Tajikistan,638,2008
Tajikistan,Tajikistan,470,2009
Tajikistan,Tajikistan,797,2010
Tajikistan,Tajikistan,900,2011
Tajikistan,Tajikistan,1069,2012
Tajikistan,Tajikistan,1154,2013
Tajikistan,Tajikistan,910,2014
Tajikistan,Tajikistan,715,2015
Tajikistan,Tajikistan,606,2016
Tajikistan,Tajikistan,626,2017
Tajikistan,Tajikistan,700,2018
Tanzania,Tanzania,2476,2005
Tanzania,Tanzania,2777,2006
Tanzania,Tanzania,3290,2007
Tanzania,Tanzania,3661,2008
Tanzania,Tanzania,3577,2009
Tanzania,Tanzania,3935,2010
Tanzania,Tanzania,4508,2011
Tanzania,Tanzania,5145,2012
Tanzania,Tanzania,5690,2013
Tanzania,Tanzania,6065,2014
Tanzania,Tanzania,6081,2015
Tanzania,Tanzania,5838,2016
Tanzania,Tanzania,5868,2017
Tanzania,Tanzania,5821,2018
The Gambia,The Gambia,129,2005
The Gambia,The Gambia,186,2006
The Gambia,The Gambia,219,2007
The Gambia,The Gambia,208,2008
The Gambia,The Gambia,190,2009
The Gambia,The Gambia,208,2010
The Gambia,The Gambia,211,2011
The Gambia,The Gambia,223,2012
The Gambia,The Gambia,196,2013
The Gambia,The Gambia,262,2014
The Gambia,The Gambia,272,2015
The Gambia,The Gambia,268,2016
The Gambia,The Gambia,258,2017
The Gambia,The Gambia,0,2018
Timor-Leste,Timor-Leste,0,2005
Timor-Leste,Timor-Leste,266,2006
Timor-Leste,Timor-Leste,388,2007
Timor-Leste,Timor-Leste,534,2008
Timor-Leste,Timor-Leste,877,2009
Timor-Leste,Timor-Leste,1103,2010
Timor-Leste,Timor-Leste,1537,2011
Timor-Leste,Timor-Leste,1058,2012
Timor-Leste,Timor-Leste,578,2013
Timor-Leste,Timor-Leste,526,2014
Timor-Leste,Timor-Leste,740,2015
Timor-Leste,Timor-Leste,684,2016
Timor-Leste,Timor-Leste,535,2017
Timor-Leste,Timor-Leste,691,2018
Togo,Togo,428,2005
Togo,Togo,465,2006
Togo,Togo,541,2007
Togo,Togo,642,2008
Togo,Togo,669,2009
Togo,Togo,724,2010
Togo,Togo,983,2011
Togo,Togo,900,2012
Togo,Togo,957,2013
Togo,Togo,915,2014
Togo,Togo,861,2015
Togo,Togo,941,2016
Togo,Togo,996,2017
Togo,Togo,1022,2018
Tonga,Tonga,66,2005
Tonga,Tonga,66,2006
Tonga,Tonga,70,2007
Tonga,Tonga,88,2008
Tonga,Tonga,88,2009
Tonga,Tonga,83,2010
Tonga,Tonga,110,2011
Tonga,Tonga,146,2012
Tonga,Tonga,170,2013
Tonga,Tonga,123,2014
Tonga,Tonga,153,2015
Tonga,Tonga,152,2016
Tonga,Tonga,178,2017
Tonga,Tonga,195,2018
Trinidad and Tobago,Trinidad and Tobago,1442,2005
Trinidad and Tobago,Trinidad and Tobago,1178,2006
Trinidad and Tobago,Trinidad and Tobago,1308,2007
Trinidad and Tobago,Trinidad and Tobago,1263,2008
Trinidad and Tobago,Trinidad and Tobago,1148,2009
Trinidad and Tobago,Trinidad and Tobago,1263,2010
Trinidad and Tobago,Trinidad and Tobago,3644,2011
Trinidad and Tobago,Trinidad and Tobago,4301,2012
Trinidad and Tobago,Trinidad and Tobago,3934,2013
Trinidad and Tobago,Trinidad and Tobago,4218,2014
Trinidad and Tobago,Trinidad and Tobago,4136,2015
Trinidad and Tobago,Trinidad and Tobago,3867,2016
Trinidad and Tobago,Trinidad and Tobago,4293,2017
Trinidad and Tobago,Trinidad and Tobago,3984,2018
Tunisia,Tunisia,5983,2005
Tunisia,Tunisia,6515,2006
Tunisia,Tunisia,7482,2007
Tunisia,Tunisia,9084,2008
Tunisia,Tunisia,8206,2009
Tunisia,Tunisia,8866,2010
Tunisia,Tunisia,7796,2011
Tunisia,Tunisia,8273,2012
Tunisia,Tunisia,8135,2013
Tunisia,Tunisia,8134,2014
Tunisia,Tunisia,6370,2015
Tunisia,Tunisia,6260,2016
Tunisia,Tunisia,6324,2017
Tunisia,Tunisia,6941,2018
Turkey,Turkey,39772,2005
Turkey,Turkey,38277,2006
Turkey,Turkey,45919,2007
Turkey,Turkey,55310,2008
Turkey,Turkey,52902,2009
Turkey,Turkey,56157,2010
Turkey,Turkey,62228,2011
Turkey,Turkey,64593,2012
Turkey,Turkey,72776,2013
Turkey,Turkey,77215,2014
Turkey,Turkey,69852,2015
Turkey,Turkey,60347,2016
Turkey,Turkey,68050,2017
Turkey,Turkey,72121,2018
Turks and Caicos Islands,Turks and Caicos Islands,0,2005
Turks and Caicos Islands,Turks and Caicos Islands,0,2006
Turks and Caicos Islands,Turks and Caicos Islands,0,2007
Turks and Caicos Islands,Turks and Caicos Islands,0,2008
Turks and Caicos Islands,Turks and Caicos Islands,0,2009
Turks and Caicos Islands,Turks and Caicos Islands,0,2010
Turks and Caicos Islands,Turks and Caicos Islands,0,2011
Turks and Caicos Islands,Turks and Caicos Islands,0,2012
Turks and Caicos Islands,Turks and Caicos Islands,0,2013
Turks and Caicos Islands,Turks and Caicos Islands,674,2014
Turks and Caicos Islands,Turks and Caicos Islands,710,2015
Turks and Caicos Islands,Turks and Caicos Islands,798,2016
Turks and Caicos Islands,Turks and Caicos Islands,744,2017
Turks and Caicos Islands,Turks and Caicos Islands,715,2018
Tuvalu,Tuvalu,12,2005
Tuvalu,Tuvalu,15,2006
Tuvalu,Tuvalu,25,2007
Tuvalu,Tuvalu,34,2008
Tuvalu,Tuvalu,30,2009
Tuvalu,Tuvalu,38,2010
Tuvalu,Tuvalu,48,2011
Tuvalu,Tuvalu,32,2012
Tuvalu,Tuvalu,22,2013
Tuvalu,Tuvalu,19,2014
Tuvalu,Tuvalu,20,2015
Tuvalu,Tuvalu,17,2016
Tuvalu,Tuvalu,17,2017
Tuvalu,Tuvalu,17,2018
Uganda,Uganda,1135,2005
Uganda,Uganda,1318,2006
Uganda,Uganda,1640,2007
Uganda,Uganda,2089,2008
Uganda,Uganda,2420,2009
Uganda,Uganda,3107,2010
Uganda,Uganda,4242,2011
Uganda,Uganda,4612,2012
Uganda,Uganda,4531,2013
Uganda,Uganda,4856,2014
Uganda,Uganda,4437,2015
Uganda,Uganda,3933,2016
Uganda,Uganda,3695,2017
Uganda,Uganda,4505,2018
Ukraine,Ukraine,18017,2005
Ukraine,Ukraine,21386,2006
Ukraine,Ukraine,27034,2007
Ukraine,Ukraine,35500,2008
Ukraine,Ukraine,26506,2009
Ukraine,Ukraine,31039,2010
Ukraine,Ukraine,34652,2011
Ukraine,Ukraine,36678,2012
Ukraine,Ukraine,38732,2013
Ukraine,Ukraine,27246,2014
Ukraine,Ukraine,23791,2015
Ukraine,Ukraine,24407,2016
Ukraine,Ukraine,27315,2017
Ukraine,Ukraine,30139,2018
Uruguay,Uruguay,2250,2005
Uruguay,Uruguay,2366,2006
Uruguay,Uruguay,2963,2007
Uruguay,Uruguay,3800,2008
Uruguay,Uruguay,3615,2009
Uruguay,Uruguay,4219,2010
Uruguay,Uruguay,5692,2011
Uruguay,Uruguay,8897,2012
Uruguay,Uruguay,9911,2013
Uruguay,Uruguay,9601,2014
Uruguay,Uruguay,8560,2015
Uruguay,Uruguay,7492,2016
Uruguay,Uruguay,8531,2017
Uruguay,Uruguay,8661,2018
Uzbekistan,Uzbekistan,1085,2005
Uzbekistan,Uzbekistan,1175,2006
Uzbekistan,Uzbekistan,1352,2007
Uzbekistan,Uzbekistan,1623,2008
Uzbekistan,Uzbekistan,1451,2009
Uzbekistan,Uzbekistan,1814,2010
Uzbekistan,Uzbekistan,2330,2011
Uzbekistan,Uzbekistan,3286,2012
Uzbekistan,Uzbekistan,3558,2013
Uzbekistan,Uzbekistan,3638,2014
Uzbekistan,Uzbekistan,4089,2015
Uzbekistan,Uzbekistan,3664,2016
Uzbekistan,Uzbekistan,4484,2017
Uzbekistan,Uzbekistan,5524,2018
Vanuatu,Vanuatu,213,2005
Vanuatu,Vanuatu,217,2006
Vanuatu,Vanuatu,262,2007
Vanuatu,Vanuatu,369,2008
Vanuatu,Vanuatu,357,2009
Vanuatu,Vanuatu,402,2010
Vanuatu,Vanuatu,428,2011
Vanuatu,Vanuatu,448,2012
Vanuatu,Vanuatu,501,2013
Vanuatu,Vanuatu,479,2014
Vanuatu,Vanuatu,462,2015
Vanuatu,Vanuatu,483,2016
Vanuatu,Vanuatu,523,2017
Vanuatu,Vanuatu,0,2018
"Venezuela, Bolivarian Republic of","Venezuela, Bolivarian Republic of",6691,2005
"Venezuela, Bolivarian Republic of","Venezuela, Bolivarian Republic of",7538,2006
"Venezuela, Bolivarian Republic of","Venezuela, Bolivarian Republic of",12875,2007
"Venezuela, Bolivarian Republic of","Venezuela, Bolivarian Republic of",15461,2008
"Venezuela, Bolivarian Republic of","Venezuela, Bolivarian Republic of",15492,2009
"Venezuela, Bolivarian Republic of","Venezuela, Bolivarian Republic of",16184,2010
"Venezuela, Bolivarian Republic of","Venezuela, Bolivarian Republic of",18802,2011
"Venezuela, Bolivarian Republic of","Venezuela, Bolivarian Republic of",21588,2012
"Venezuela, Bolivarian Republic of","Venezuela, Bolivarian Republic of",21501,2013
"Venezuela, Bolivarian Republic of","Venezuela, Bolivarian Republic of",19158,2014
"Venezuela, Bolivarian Republic of","Venezuela, Bolivarian Republic of",15461,2015
"Venezuela, Bolivarian Republic of","Venezuela, Bolivarian Republic of",10757,2016
"Venezuela, Bolivarian Republic of","Venezuela, Bolivarian Republic of",0,2017
"Venezuela, Bolivarian Republic of","Venezuela, Bolivarian Republic of",0,2018
Viet Nam,Viet Nam,8715,2005
Viet Nam,Viet Nam,10222,2006
Viet Nam,Viet Nam,13637,2007
Viet Nam,Viet Nam,14962,2008
Viet Nam,Viet Nam,13953,2009
Viet Nam,Viet Nam,17381,2010
Viet Nam,Viet Nam,20550,2011
Viet Nam,Viet Nam,20670,2012
Viet Nam,Viet Nam,24530,2013
Viet Nam,Viet Nam,26050,2014
Viet Nam,Viet Nam,27265,2015
Viet Nam,Viet Nam,29258,2016
Viet Nam,Viet Nam,30140,2017
Viet Nam,Viet Nam,33505,2018
Yemen,Yemen,1613,2005
Yemen,Yemen,2404,2006
Yemen,Yemen,2591,2007
Yemen,Yemen,3553,2008
Yemen,Yemen,3358,2009
Yemen,Yemen,3778,2010
Yemen,Yemen,3432,2011
Yemen,Yemen,3918,2012
Yemen,Yemen,3998,2013
Yemen,Yemen,4450,2014
Yemen,Yemen,2003,2015
Yemen,Yemen,1924,2016
Yemen,Yemen,0,2017
Yemen,Yemen,0,2018
Zambia,Zambia,961,2005
Zambia,Zambia,1076,2006
Zambia,Zambia,1507,2007
Zambia,Zambia,1454,2008
Zambia,Zambia,1201,2009
Zambia,Zambia,1459,2010
Zambia,Zambia,1758,2011
Zambia,Zambia,2324,2012
Zambia,Zambia,2574,2013
Zambia,Zambia,2495,2014
Zambia,Zambia,2294,2015
Zambia,Zambia,2278,2016
Zambia,Zambia,2390,2017
Zambia,Zambia,2645,2018
Zimbabwe,Zimbabwe,998,2005
Zimbabwe,Zimbabwe,861,2006
Zimbabwe,Zimbabwe,834,2007
Zimbabwe,Zimbabwe,781,2008
Zimbabwe,Zimbabwe,1179,2009
Zimbabwe,Zimbabwe,1647,2010
Zimbabwe,Zimbabwe,2162,2011
Zimbabwe,Zimbabwe,2117,2012
Zimbabwe,Zimbabwe,2249,2013
Zimbabwe,Zimbabwe,2316,2014
Zimbabwe,Zimbabwe,1911,2015
Zimbabwe,Zimbabwe,1661,2016
Zimbabwe,Zimbabwe,1512,2017
Zimbabwe,Zimbabwe,1903,2018
阿联酋,阿联酋,24151,2005
阿联酋,阿联酋,31727,2006
阿联酋,阿联酋,42086,2007
阿联酋,阿联酋,53023,2008
阿联酋,阿联酋,47590,2009
阿联酋,阿联酋,53836,2010
阿联酋,阿联酋,69316,2011
阿联酋,阿联酋,79319,2012
阿联酋,阿联酋,83431,2013
阿联酋,阿联酋,143008,2014
阿联酋,阿联酋,142655,2015
阿联酋,阿联酋,136093,2016
阿联酋,阿联酋,142315,2017
阿联酋,阿联酋,144125,2018
爱尔兰,爱尔兰,130079,2005
爱尔兰,爱尔兰,148192,2006
爱尔兰,爱尔兰,180411,2007
爱尔兰,爱尔兰,205522,2008
爱尔兰,爱尔兰,193065,2009
爱尔兰,爱尔兰,202151,2010
爱尔兰,爱尔兰,226049,2011
爱尔兰,爱尔兰,216588,2012
爱尔兰,爱尔兰,233338,2013
爱尔兰,爱尔兰,272409,2014
爱尔兰,爱尔兰,308532,2015
爱尔兰,爱尔兰,369329,2016
爱尔兰,爱尔兰,380614,2017
爱尔兰,爱尔兰,423815,2018
奥地利,奥地利,73445,2005
奥地利,奥地利,80791,2006
奥地利,奥地利,95519,2007
奥地利,奥地利,108347,2008
奥地利,奥地利,92969,2009
奥地利,奥地利,91496,2010
奥地利,奥地利,103660,2011
奥地利,奥地利,102024,2012
奥地利,奥地利,115555,2013
奥地利,奥地利,123773,2014
奥地利,奥地利,106725,2015
奥地利,奥地利,111156,2016
奥地利,奥地利,121965,2017
奥地利,奥地利,135792,2018
澳大利亚,澳大利亚,65284,2005
澳大利亚,澳大利亚,71042,2006
澳大利亚,澳大利亚,89001,2007
澳大利亚,澳大利亚,100733,2008
澳大利亚,澳大利亚,91024,2009
澳大利亚,澳大利亚,109608,2010
澳大利亚,澳大利亚,127608,2011
澳大利亚,澳大利亚,132753,2012
澳大利亚,澳大利亚,133547,2013
澳大利亚,澳大利亚,129799,2014
澳大利亚,澳大利亚,118216,2015
澳大利亚,澳大利亚,119979,2016
澳大利亚,澳大利亚,132635,2017
澳大利亚,澳大利亚,141022,2018
巴西,巴西,38913,2005
巴西,巴西,46644,2006
巴西,巴西,61127,2007
巴西,巴西,77591,2008
巴西,巴西,74702,2009
巴西,巴西,91500,2010
巴西,巴西,111131,2011
巴西,巴西,117800,2012
巴西,巴西,122394,2013
巴西,巴西,128037,2014
巴西,巴西,104531,2015
巴西,巴西,97047,2016
巴西,巴西,102807,2017
巴西,巴西,101998,2018
比利时,比利时,113362,2005
比利时,比利时,119106,2006
比利时,比利时,150207,2007
比利时,比利时,186310,2008
比利时,比利时,174712,2009
比利时,比利时,185958,2010
比利时,比利时,200293,2011
比利时,比利时,204374,2012
比利时,比利时,217391,2013
比利时,比利时,242714,2014
比利时,比利时,220467,2015
比利时,比利时,222599,2016
比利时,比利时,234993,2017
比利时,比利时,252309,2018
波兰,波兰,33852,2005
波兰,波兰,42578,2006
波兰,波兰,56213,2007
波兰,波兰,69202,2008
波兰,波兰,55841,2009
波兰,波兰,66514,2010
波兰,波兰,74694,2011
波兰,波兰,74340,2012
波兰,波兰,79097,2013
波兰,波兰,85458,2014
波兰,波兰,78158,2015
波兰,波兰,83987,2016
波兰,波兰,96591,2017
波兰,波兰,112548,2018
丹麦,丹麦,82276,2005
丹麦,丹麦,100423,2006
丹麦,丹麦,119940,2007
丹麦,丹麦,140642,2008
丹麦,丹麦,112758,2009
丹麦,丹麦,116782,2010
丹麦,丹麦,129465,2011
丹麦,丹麦,129372,2012
丹麦,丹麦,135574,2013
丹麦,丹麦,138205,2014
丹麦,丹麦,122629,2015
丹麦,丹麦,122964,2016
丹麦,丹麦,128861,2017
丹麦,丹麦,138180,2018
德国,德国,369285,2005
德国,德国,406505,2006
德国,德国,471219,2007
德国,德国,530011,2008
德国,德国,473018,2009
德国,德国,488294,2010
德国,德国,546143,2011
德国,德国,547085,2012
德国,德国,600978,2013
德国,德国,632115,2014
德国,德国,572251,2015
德国,德国,593703,2016
德国,德国,638489,2017
德国,德国,682611,2018
俄罗斯,俄罗斯,69316,2005
俄罗斯,俄罗斯,81992,2006
俄罗斯,俄罗斯,104438,2007
俄罗斯,俄罗斯,134692,2008
俄罗斯,俄罗斯,109194,2009
俄罗斯,俄罗斯,124438,2010
俄罗斯,俄罗斯,149534,2011
俄罗斯,俄罗斯,171267,2012
俄罗斯,俄罗斯,198505,2013
俄罗斯,俄罗斯,186767,2014
俄罗斯,俄罗斯,140384,2015
俄罗斯,俄罗斯,125244,2016
俄罗斯,俄罗斯,146554,2017
俄罗斯,俄罗斯,159517,2018
法国,法国,290751,2005
法国,法国,316938,2006
法国,法国,371778,2007
法国,法国,425661,2008
法国,法国,377652,2009
法国,法国,383767,2010
法国,法国,439002,2011
法国,法国,437357,2012
法国,法国,482192,2013
法国,法国,525471,2014
法国,法国,488927,2015
法国,法国,500333,2016
法国,法国,520484,2017
法国,法国,548267,2018
韩国,韩国,110591,2005
韩国,韩国,127639,2006
韩国,韩国,156549,2007
韩国,韩国,189209,2008
韩国,韩国,155094,2009
韩国,韩国,180759,2010
韩国,韩国,194079,2011
韩国,韩国,212280,2012
韩国,韩国,213977,2013
韩国,韩国,227890,2014
韩国,韩国,210378,2015
韩国,韩国,207544,2016
韩国,韩国,209466,2017
韩国,韩国,220863,2018
荷兰,荷兰,222316,2005
荷兰,荷兰,235471,2006
荷兰,荷兰,283781,2007
荷兰,荷兰,322168,2008
荷兰,荷兰,303742,2009
荷兰,荷兰,297407,2010
荷兰,荷兰,325625,2011
荷兰,荷兰,311103,2012
荷兰,荷兰,330509,2013
荷兰,荷兰,398818,2014
荷兰,荷兰,411137,2015
荷兰,荷兰,374243,2016
荷兰,荷兰,424010,2017
荷兰,荷兰,471340,2018
荷兰 Antilles,荷兰 Antilles,2653,2005
荷兰 Antilles,荷兰 Antilles,2805,2006
荷兰 Antilles,荷兰 Antilles,2959,2007
荷兰 Antilles,荷兰 Antilles,2989,2008
荷兰 Antilles,荷兰 Antilles,3023,2009
荷兰 Antilles,荷兰 Antilles,2904,2010
荷兰 Antilles,荷兰 Antilles,0,2011
荷兰 Antilles,荷兰 Antilles,0,2012
荷兰 Antilles,荷兰 Antilles,0,2013
荷兰 Antilles,荷兰 Antilles,0,2014
荷兰 Antilles,荷兰 Antilles,0,2015
荷兰 Antilles,荷兰 Antilles,0,2016
荷兰 Antilles,荷兰 Antilles,0,2017
荷兰 Antilles,荷兰 Antilles,0,2018
加拿大,加拿大,125383,2005
加拿大,加拿大,139238,2006
加拿大,加拿大,153035,2007
加拿大,加拿大,164336,2008
加拿大,加拿大,151635,2009
加拿大,加拿大,175365,2010
加拿大,加拿大,192525,2011
加拿大,加拿大,201234,2012
加拿大,加拿大,203317,2013
加拿大,加拿大,199682,2014
加拿大,加拿大,182208,2015
加拿大,加拿大,183716,2016
加拿大,加拿大,195859,2017
加拿大,加拿大,205736,2018
卢森堡,卢森堡,67801,2005
卢森堡,卢森堡,84487,2006
卢森堡,卢森堡,107852,2007
卢森堡,卢森堡,114315,2008
卢森堡,卢森堡,97284,2009
卢森堡,卢森堡,107985,2010
卢森堡,卢森堡,126231,2011
卢森堡,卢森堡,134857,2012
卢森堡,卢森堡,158919,2013
卢森堡,卢森堡,183574,2014
卢森堡,卢森堡,174197,2015
卢森堡,卢森堡,172519,2016
卢森堡,卢森堡,181201,2017
卢森堡,卢森堡,199436,2018
美国,美国,681952,2005
美国,美国,757903,2006
美国,美国,860971,2007
美国,美国,941869,2008
美国,美国,899523,2009
美国,美国,972072,2010
美国,美国,1062822,2011
美国,美国,1107737,2012
美国,美国,1161578,2013
美国,美国,1221855,2014
美国,美国,1247276,2015
美国,美国,1268726,2016
美国,美国,1340161,2017
美国,美国,1387641,2018
挪威,挪威,58962,2005
挪威,挪威,63684,2006
挪威,挪威,79085,2007
挪威,挪威,90323,2008
挪威,挪威,72470,2009
挪威,挪威,86526,2010
挪威,挪威,88700,2011
挪威,挪威,98981,2012
挪威,挪威,104982,2013
挪威,挪威,106925,2014
挪威,挪威,88916,2015
挪威,挪威,89814,2016
挪威,挪威,90940,2017
挪威,挪威,94705,2018
日本,日本,241059,2005
日本,日本,250795,2006
日本,日本,280036,2007
日本,日本,319879,2008
日本,日本,276599,2009
日本,日本,299118,2010
日本,日本,316486,2011
日本,日本,321641,2012
日本,日本,306097,2013
日本,日本,356213,2014
日本,日本,341224,2015
日本,日本,361990,2016
日本,日本,379212,2017
日本,日本,392053,2018
瑞典,瑞典,77308,2005
瑞典,瑞典,85844,2006
瑞典,瑞典,105583,2007
瑞典,瑞典,117971,2008
瑞典,瑞典,98496,2009
瑞典,瑞典,104515,2010
瑞典,瑞典,123907,2011
瑞典,瑞典,123400,2012
瑞典,瑞典,138425,2013
瑞典,瑞典,146071,2014
瑞典,瑞典,134340,2015
瑞典,瑞典,134569,2016
瑞典,瑞典,141528,2017
瑞典,瑞典,142005,2018
瑞士,瑞士,113113,2005
瑞士,瑞士,120139,2006
瑞士,瑞士,142096,2007
瑞士,瑞士,160561,2008
瑞士,瑞士,157505,2009
瑞士,瑞士,164372,2010
瑞士,瑞士,190875,2011
瑞士,瑞士,195251,2012
瑞士,瑞士,206833,2013
瑞士,瑞士,220791,2014
瑞士,瑞士,208104,2015
瑞士,瑞士,217374,2016
瑞士,瑞士,225292,2017
瑞士,瑞士,227677,2018
沙特,沙特,44496,2005
沙特,沙特,63698,2006
沙特,沙特,79451,2007
沙特,沙特,84604,2008
沙特,沙特,84740,2009
沙特,沙特,87461,2010
沙特,沙特,89506,2011
沙特,沙特,84457,2012
沙特,沙特,88497,2013
沙特,沙特,113061,2014
沙特,沙特,102510,2015
沙特,沙特,87520,2016
沙特,沙特,96707,2017
沙特,沙特,104521,2018
泰国,泰国,46723,2005
泰国,泰国,57226,2006
泰国,泰国,68185,2007
泰国,泰国,79146,2008
泰国,泰国,64634,2009
泰国,泰国,75673,2010
泰国,泰国,87642,2011
泰国,泰国,95393,2012
泰国,泰国,106179,2013
泰国,泰国,100783,2014
泰国,泰国,104277,2015
泰国,泰国,111304,2016
泰国,泰国,122194,2017
泰国,泰国,139367,2018
西班牙,西班牙,153514,2005
西班牙,西班牙,172778,2006
西班牙,西班牙,200310,2007
西班牙,西班牙,220487,2008
西班牙,西班牙,184162,2009
西班牙,西班牙,181369,2010
西班牙,西班牙,201925,2011
西班牙,西班牙,186868,2012
西班牙,西班牙,189455,2013
西班牙,西班牙,202949,2014
西班牙,西班牙,183477,2015
西班牙,西班牙,196459,2016
西班牙,西班牙,214393,2017
西班牙,西班牙,234558,2018
新加坡,新加坡,102591,2005
新加坡,新加坡,125608,2006
新加坡,新加坡,150696,2007
新加坡,新加坡,180857,2008
新加坡,新加坡,165963,2009
新加坡,新加坡,202044,2010
新加坡,新加坡,239879,2011
新加坡,新加坡,264941,2012
新加坡,新加坡,293905,2013
新加坡,新加坡,323817,2014
新加坡,新加坡,318944,2015
新加坡,新加坡,316872,2016
新加坡,新加坡,354070,2017
新加坡,新加坡,370971,2018
意大利,意大利,186843,2005
意大利,意大利,208789,2006
意大利,意大利,244657,2007
意大利,意大利,248657,2008
意大利,意大利,206968,2009
意大利,意大利,214087,2010
意大利,意大利,229133,2011
意大利,意大利,217357,2012
意大利,意大利,223316,2013
意大利,意大利,229218,2014
意大利,意大利,199363,2015
意大利,意大利,204417,2016
意大利,意大利,226830,2017
意大利,意大利,246569,2018
印度,印度,112815,2005
印度,印度,144611,2006
印度,印度,177589,2007
印度,印度,194009,2008
印度,印度,173443,2009
印度,印度,231996,2010
印度,印度,263817,2011
印度,印度,275444,2012
印度,印度,276055,2013
印度,印度,285558,2014
印度,印度,279845,2015
印度,印度,295351,2016
印度,印度,339889,2017
印度,印度,381691,2018
英国,英国,411005,2005
英国,英国,460670,2006
英国,英国,536361,2007
英国,英国,528807,2008
英国,英国,455401,2009
英国,英国,462916,2010
英国,英国,509203,2011
英国,英国,520631,2012
英国,英国,557042,2013
英国,英国,595587,2014
英国,英国,572749,2015
英国,英国,558995,2016
英国,英国,569516,2017
英国,英国,611496,2018
中国,中国,162440,2005
中国,中国,194909,2006
中国,中国,254573,2007
中国,中国,301740,2008
中国,中国,268542,2009
中国,中国,371740,2010
中国,中国,448891,2011
中国,中国,482876,2012
中国,中国,537614,2013
中国,中国,652024,2014
中国,中国,654175,2015
中国,中国,661626,2016
中国,中国,695679,2017
中国,中国,791881,2018
中国澳门,中国澳门,9291,2005
中国澳门,中国澳门,10797,2006
中国澳门,中国澳门,14266,2007
中国澳门,中国澳门,17275,2008
中国澳门,中国澳门,17983,2009
中国澳门,中国澳门,26248,2010
中国澳门,中国澳门,35400,2011
中国澳门,中国澳门,41615,2012
中国澳门,中国澳门,48868,2013
中国澳门,中国澳门,49111,2014
中国澳门,中国澳门,37351,2015
中国澳门,中国澳门,36965,2016
中国澳门,中国澳门,43423,2017
中国澳门,中国澳门,48668,2018
中国台湾,中国台湾,50594,2005
中国台湾,中国台湾,51499,2006
中国台湾,中国台湾,56849,2007
中国台湾,中国台湾,58210,2008
中国台湾,中国台湾,50108,2009
中国台湾,中国台湾,64374,2010
中国台湾,中国台湾,72538,2011
中国台湾,中国台湾,87473,2012
中国台湾,中国台湾,88124,2013
中国台湾,中国台湾,94398,2014
中国台湾,中国台湾,92655,2015
中国台湾,中国台湾,93059,2016
中国台湾,中国台湾,98522,2017
中国台湾,中国台湾,107082,2018
中国香港,中国香港,103618,2005
中国香港,中国香港,118157,2006
中国香港,中国香港,133160,2007
中国香港,中国香港,142517,2008
中国香港,中国香港,125777,2009
中国香港,中国香港,150937,2010
中国香港,中国香港,165564,2011
中国香港,中国香港,175118,2012
中国香港,中国香港,179971,2013
中国香港,中国香港,180886,2014
中国香港,中国香港,178449,2015
中国香港,中国香港,173010,2016
中国香港,中国香港,182009,2017
中国香港,中国香港,195535,2018